--
-- PostgreSQL database dump
--

\restrict wWX2WtT1ITrRrXlE7y1Fv6dNmav2o5tsyzLrmPolEM4NcwH3c2kGP4ei8D01A0M

-- Dumped from database version 16.12 (Homebrew)
-- Dumped by pg_dump version 17.8 (Debian 17.8-1.pgdg13+1)

SET statement_timeout = 0;
SET lock_timeout = 0;
SET idle_in_transaction_session_timeout = 0;
SET transaction_timeout = 0;
SET client_encoding = 'UTF8';
SET standard_conforming_strings = on;
SELECT pg_catalog.set_config('search_path', '', false);
SET check_function_bodies = false;
SET xmloption = content;
SET client_min_messages = warning;
SET row_security = off;

SET default_tablespace = '';

SET default_table_access_method = heap;

--
-- Name: accounts_user; Type: TABLE; Schema: public; Owner: -
--

CREATE TABLE public.accounts_user (
    id bigint NOT NULL,
    password character varying(128) NOT NULL,
    last_login timestamp with time zone,
    is_superuser boolean NOT NULL,
    username character varying(150) NOT NULL,
    first_name character varying(150) NOT NULL,
    last_name character varying(150) NOT NULL,
    is_staff boolean NOT NULL,
    is_active boolean NOT NULL,
    date_joined timestamp with time zone NOT NULL,
    email character varying(254) NOT NULL,
    role character varying(20) NOT NULL,
    grad_year smallint,
    location character varying(255) NOT NULL,
    cycling_discipline character varying(100) NOT NULL,
    email_verified boolean NOT NULL,
    CONSTRAINT accounts_user_grad_year_check CHECK ((grad_year >= 0))
);


--
-- Name: accounts_user_groups; Type: TABLE; Schema: public; Owner: -
--

CREATE TABLE public.accounts_user_groups (
    id bigint NOT NULL,
    user_id bigint NOT NULL,
    group_id integer NOT NULL
);


--
-- Name: accounts_user_groups_id_seq; Type: SEQUENCE; Schema: public; Owner: -
--

ALTER TABLE public.accounts_user_groups ALTER COLUMN id ADD GENERATED BY DEFAULT AS IDENTITY (
    SEQUENCE NAME public.accounts_user_groups_id_seq
    START WITH 1
    INCREMENT BY 1
    NO MINVALUE
    NO MAXVALUE
    CACHE 1
);


--
-- Name: accounts_user_id_seq; Type: SEQUENCE; Schema: public; Owner: -
--

ALTER TABLE public.accounts_user ALTER COLUMN id ADD GENERATED BY DEFAULT AS IDENTITY (
    SEQUENCE NAME public.accounts_user_id_seq
    START WITH 1
    INCREMENT BY 1
    NO MINVALUE
    NO MAXVALUE
    CACHE 1
);


--
-- Name: accounts_user_user_permissions; Type: TABLE; Schema: public; Owner: -
--

CREATE TABLE public.accounts_user_user_permissions (
    id bigint NOT NULL,
    user_id bigint NOT NULL,
    permission_id integer NOT NULL
);


--
-- Name: accounts_user_user_permissions_id_seq; Type: SEQUENCE; Schema: public; Owner: -
--

ALTER TABLE public.accounts_user_user_permissions ALTER COLUMN id ADD GENERATED BY DEFAULT AS IDENTITY (
    SEQUENCE NAME public.accounts_user_user_permissions_id_seq
    START WITH 1
    INCREMENT BY 1
    NO MINVALUE
    NO MAXVALUE
    CACHE 1
);


--
-- Name: auth_group; Type: TABLE; Schema: public; Owner: -
--

CREATE TABLE public.auth_group (
    id integer NOT NULL,
    name character varying(150) NOT NULL
);


--
-- Name: auth_group_id_seq; Type: SEQUENCE; Schema: public; Owner: -
--

ALTER TABLE public.auth_group ALTER COLUMN id ADD GENERATED BY DEFAULT AS IDENTITY (
    SEQUENCE NAME public.auth_group_id_seq
    START WITH 1
    INCREMENT BY 1
    NO MINVALUE
    NO MAXVALUE
    CACHE 1
);


--
-- Name: auth_group_permissions; Type: TABLE; Schema: public; Owner: -
--

CREATE TABLE public.auth_group_permissions (
    id bigint NOT NULL,
    group_id integer NOT NULL,
    permission_id integer NOT NULL
);


--
-- Name: auth_group_permissions_id_seq; Type: SEQUENCE; Schema: public; Owner: -
--

ALTER TABLE public.auth_group_permissions ALTER COLUMN id ADD GENERATED BY DEFAULT AS IDENTITY (
    SEQUENCE NAME public.auth_group_permissions_id_seq
    START WITH 1
    INCREMENT BY 1
    NO MINVALUE
    NO MAXVALUE
    CACHE 1
);


--
-- Name: auth_permission; Type: TABLE; Schema: public; Owner: -
--

CREATE TABLE public.auth_permission (
    id integer NOT NULL,
    name character varying(255) NOT NULL,
    content_type_id integer NOT NULL,
    codename character varying(100) NOT NULL
);


--
-- Name: auth_permission_id_seq; Type: SEQUENCE; Schema: public; Owner: -
--

ALTER TABLE public.auth_permission ALTER COLUMN id ADD GENERATED BY DEFAULT AS IDENTITY (
    SEQUENCE NAME public.auth_permission_id_seq
    START WITH 1
    INCREMENT BY 1
    NO MINVALUE
    NO MAXVALUE
    CACHE 1
);


--
-- Name: cms_cmsnavigation; Type: TABLE; Schema: public; Owner: -
--

CREATE TABLE public.cms_cmsnavigation (
    id bigint NOT NULL,
    name character varying(150) NOT NULL,
    slug character varying(160) NOT NULL,
    description text NOT NULL,
    is_published boolean NOT NULL,
    created_at timestamp with time zone NOT NULL,
    updated_at timestamp with time zone NOT NULL
);


--
-- Name: cms_cmsnavigation_id_seq; Type: SEQUENCE; Schema: public; Owner: -
--

ALTER TABLE public.cms_cmsnavigation ALTER COLUMN id ADD GENERATED BY DEFAULT AS IDENTITY (
    SEQUENCE NAME public.cms_cmsnavigation_id_seq
    START WITH 1
    INCREMENT BY 1
    NO MINVALUE
    NO MAXVALUE
    CACHE 1
);


--
-- Name: cms_cmsnavitem; Type: TABLE; Schema: public; Owner: -
--

CREATE TABLE public.cms_cmsnavitem (
    id bigint NOT NULL,
    title character varying(150) NOT NULL,
    external_url character varying(200) NOT NULL,
    open_new_tab boolean NOT NULL,
    sort_order integer NOT NULL,
    is_published boolean NOT NULL,
    created_at timestamp with time zone NOT NULL,
    updated_at timestamp with time zone NOT NULL,
    navigation_id bigint NOT NULL,
    page_id bigint,
    parent_id bigint
);


--
-- Name: cms_cmsnavitem_id_seq; Type: SEQUENCE; Schema: public; Owner: -
--

ALTER TABLE public.cms_cmsnavitem ALTER COLUMN id ADD GENERATED BY DEFAULT AS IDENTITY (
    SEQUENCE NAME public.cms_cmsnavitem_id_seq
    START WITH 1
    INCREMENT BY 1
    NO MINVALUE
    NO MAXVALUE
    CACHE 1
);


--
-- Name: cms_cmspage; Type: TABLE; Schema: public; Owner: -
--

CREATE TABLE public.cms_cmspage (
    id bigint NOT NULL,
    title character varying(200) NOT NULL,
    slug character varying(220) NOT NULL,
    summary text NOT NULL,
    body jsonb NOT NULL,
    status character varying(20) NOT NULL,
    template character varying(20) NOT NULL,
    show_title boolean NOT NULL,
    show_sidebar_navigation boolean NOT NULL,
    nav_order integer NOT NULL,
    published_at timestamp with time zone,
    created_at timestamp with time zone NOT NULL,
    updated_at timestamp with time zone NOT NULL,
    navigation_id bigint,
    parent_id bigint
);


--
-- Name: cms_cmspage_id_seq; Type: SEQUENCE; Schema: public; Owner: -
--

ALTER TABLE public.cms_cmspage ALTER COLUMN id ADD GENERATED BY DEFAULT AS IDENTITY (
    SEQUENCE NAME public.cms_cmspage_id_seq
    START WITH 1
    INCREMENT BY 1
    NO MINVALUE
    NO MAXVALUE
    CACHE 1
);


--
-- Name: cms_cmswidget; Type: TABLE; Schema: public; Owner: -
--

CREATE TABLE public.cms_cmswidget (
    id bigint NOT NULL,
    name character varying(150) NOT NULL,
    slug character varying(160) NOT NULL,
    title character varying(200) NOT NULL,
    body jsonb NOT NULL,
    is_published boolean NOT NULL,
    created_at timestamp with time zone NOT NULL,
    updated_at timestamp with time zone NOT NULL
);


--
-- Name: cms_cmswidget_id_seq; Type: SEQUENCE; Schema: public; Owner: -
--

ALTER TABLE public.cms_cmswidget ALTER COLUMN id ADD GENERATED BY DEFAULT AS IDENTITY (
    SEQUENCE NAME public.cms_cmswidget_id_seq
    START WITH 1
    INCREMENT BY 1
    NO MINVALUE
    NO MAXVALUE
    CACHE 1
);


--
-- Name: cms_cmswidgetplacement; Type: TABLE; Schema: public; Owner: -
--

CREATE TABLE public.cms_cmswidgetplacement (
    id bigint NOT NULL,
    route_path character varying(255) NOT NULL,
    slot character varying(30) NOT NULL,
    sort_order integer NOT NULL,
    is_published boolean NOT NULL,
    created_at timestamp with time zone NOT NULL,
    page_id bigint,
    widget_id bigint NOT NULL
);


--
-- Name: cms_cmswidgetplacement_id_seq; Type: SEQUENCE; Schema: public; Owner: -
--

ALTER TABLE public.cms_cmswidgetplacement ALTER COLUMN id ADD GENERATED BY DEFAULT AS IDENTITY (
    SEQUENCE NAME public.cms_cmswidgetplacement_id_seq
    START WITH 1
    INCREMENT BY 1
    NO MINVALUE
    NO MAXVALUE
    CACHE 1
);


--
-- Name: django_admin_log; Type: TABLE; Schema: public; Owner: -
--

CREATE TABLE public.django_admin_log (
    id integer NOT NULL,
    action_time timestamp with time zone NOT NULL,
    object_id text,
    object_repr character varying(200) NOT NULL,
    action_flag smallint NOT NULL,
    change_message text NOT NULL,
    content_type_id integer,
    user_id bigint NOT NULL,
    CONSTRAINT django_admin_log_action_flag_check CHECK ((action_flag >= 0))
);


--
-- Name: django_admin_log_id_seq; Type: SEQUENCE; Schema: public; Owner: -
--

ALTER TABLE public.django_admin_log ALTER COLUMN id ADD GENERATED BY DEFAULT AS IDENTITY (
    SEQUENCE NAME public.django_admin_log_id_seq
    START WITH 1
    INCREMENT BY 1
    NO MINVALUE
    NO MAXVALUE
    CACHE 1
);


--
-- Name: django_content_type; Type: TABLE; Schema: public; Owner: -
--

CREATE TABLE public.django_content_type (
    id integer NOT NULL,
    app_label character varying(100) NOT NULL,
    model character varying(100) NOT NULL
);


--
-- Name: django_content_type_id_seq; Type: SEQUENCE; Schema: public; Owner: -
--

ALTER TABLE public.django_content_type ALTER COLUMN id ADD GENERATED BY DEFAULT AS IDENTITY (
    SEQUENCE NAME public.django_content_type_id_seq
    START WITH 1
    INCREMENT BY 1
    NO MINVALUE
    NO MAXVALUE
    CACHE 1
);


--
-- Name: django_migrations; Type: TABLE; Schema: public; Owner: -
--

CREATE TABLE public.django_migrations (
    id bigint NOT NULL,
    app character varying(255) NOT NULL,
    name character varying(255) NOT NULL,
    applied timestamp with time zone NOT NULL
);


--
-- Name: django_migrations_id_seq; Type: SEQUENCE; Schema: public; Owner: -
--

ALTER TABLE public.django_migrations ALTER COLUMN id ADD GENERATED BY DEFAULT AS IDENTITY (
    SEQUENCE NAME public.django_migrations_id_seq
    START WITH 1
    INCREMENT BY 1
    NO MINVALUE
    NO MAXVALUE
    CACHE 1
);


--
-- Name: django_session; Type: TABLE; Schema: public; Owner: -
--

CREATE TABLE public.django_session (
    session_key character varying(40) NOT NULL,
    session_data text NOT NULL,
    expire_date timestamp with time zone NOT NULL
);


--
-- Name: django_site; Type: TABLE; Schema: public; Owner: -
--

CREATE TABLE public.django_site (
    id integer NOT NULL,
    domain character varying(100) NOT NULL,
    name character varying(50) NOT NULL
);


--
-- Name: django_site_id_seq; Type: SEQUENCE; Schema: public; Owner: -
--

ALTER TABLE public.django_site ALTER COLUMN id ADD GENERATED BY DEFAULT AS IDENTITY (
    SEQUENCE NAME public.django_site_id_seq
    START WITH 1
    INCREMENT BY 1
    NO MINVALUE
    NO MAXVALUE
    CACHE 1
);


--
-- Name: schools_conference; Type: TABLE; Schema: public; Owner: -
--

CREATE TABLE public.schools_conference (
    id bigint NOT NULL,
    name character varying(150) NOT NULL,
    description text NOT NULL,
    contact_name character varying(255) NOT NULL,
    contact_email character varying(254) NOT NULL,
    created_at timestamp with time zone NOT NULL,
    updated_at timestamp with time zone NOT NULL,
    acronym character varying(30) NOT NULL,
    long_name character varying(255) NOT NULL
);


--
-- Name: schools_conference_id_seq; Type: SEQUENCE; Schema: public; Owner: -
--

ALTER TABLE public.schools_conference ALTER COLUMN id ADD GENERATED BY DEFAULT AS IDENTITY (
    SEQUENCE NAME public.schools_conference_id_seq
    START WITH 1
    INCREMENT BY 1
    NO MINVALUE
    NO MAXVALUE
    CACHE 1
);


--
-- Name: schools_dataloadjob; Type: TABLE; Schema: public; Owner: -
--

CREATE TABLE public.schools_dataloadjob (
    id bigint NOT NULL,
    uploaded_file character varying(100) NOT NULL,
    dry_run boolean NOT NULL,
    status character varying(20) NOT NULL,
    created_count integer NOT NULL,
    updated_count integer NOT NULL,
    error_count integer NOT NULL,
    report_file character varying(100) NOT NULL,
    error_message text NOT NULL,
    started_at timestamp with time zone,
    finished_at timestamp with time zone,
    created_at timestamp with time zone NOT NULL,
    schema_id bigint NOT NULL,
    triggered_by_id bigint,
    CONSTRAINT schools_dataloadjob_created_count_check CHECK ((created_count >= 0)),
    CONSTRAINT schools_dataloadjob_error_count_check CHECK ((error_count >= 0)),
    CONSTRAINT schools_dataloadjob_updated_count_check CHECK ((updated_count >= 0))
);


--
-- Name: schools_dataloadjob_id_seq; Type: SEQUENCE; Schema: public; Owner: -
--

ALTER TABLE public.schools_dataloadjob ALTER COLUMN id ADD GENERATED BY DEFAULT AS IDENTITY (
    SEQUENCE NAME public.schools_dataloadjob_id_seq
    START WITH 1
    INCREMENT BY 1
    NO MINVALUE
    NO MAXVALUE
    CACHE 1
);


--
-- Name: schools_favoriteschool; Type: TABLE; Schema: public; Owner: -
--

CREATE TABLE public.schools_favoriteschool (
    id bigint NOT NULL,
    visibility character varying(20) NOT NULL,
    created_at timestamp with time zone NOT NULL,
    school_id bigint NOT NULL,
    user_id bigint NOT NULL
);


--
-- Name: schools_favoriteschool_id_seq; Type: SEQUENCE; Schema: public; Owner: -
--

ALTER TABLE public.schools_favoriteschool ALTER COLUMN id ADD GENERATED BY DEFAULT AS IDENTITY (
    SEQUENCE NAME public.schools_favoriteschool_id_seq
    START WITH 1
    INCREMENT BY 1
    NO MINVALUE
    NO MAXVALUE
    CACHE 1
);


--
-- Name: schools_importschema; Type: TABLE; Schema: public; Owner: -
--

CREATE TABLE public.schools_importschema (
    id bigint NOT NULL,
    name character varying(150) NOT NULL,
    version character varying(50) NOT NULL,
    description text NOT NULL,
    target_model character varying(100) NOT NULL,
    mapping_json jsonb NOT NULL,
    unique_key_fields jsonb NOT NULL,
    required_fields jsonb NOT NULL,
    defaults_json jsonb NOT NULL,
    type_rules jsonb NOT NULL,
    active boolean NOT NULL,
    created_at timestamp with time zone NOT NULL,
    updated_at timestamp with time zone NOT NULL
);


--
-- Name: schools_importschema_id_seq; Type: SEQUENCE; Schema: public; Owner: -
--

ALTER TABLE public.schools_importschema ALTER COLUMN id ADD GENERATED BY DEFAULT AS IDENTITY (
    SEQUENCE NAME public.schools_importschema_id_seq
    START WITH 1
    INCREMENT BY 1
    NO MINVALUE
    NO MAXVALUE
    CACHE 1
);


--
-- Name: schools_school; Type: TABLE; Schema: public; Owner: -
--

CREATE TABLE public.schools_school (
    id bigint NOT NULL,
    name character varying(255) NOT NULL,
    proto_data text NOT NULL,
    team_type character varying(20) NOT NULL,
    roster_male integer,
    roster_female integer,
    contact_email character varying(254) NOT NULL,
    date_joined date,
    last_current date,
    mascot character varying(255) NOT NULL,
    school_website character varying(200) NOT NULL,
    athletic_dept_website character varying(200) NOT NULL,
    cycling_website character varying(200) NOT NULL,
    street_address character varying(255) NOT NULL,
    city character varying(100) NOT NULL,
    state character varying(50) NOT NULL,
    zip_code character varying(20) NOT NULL,
    address_complete character varying(255) NOT NULL,
    geocode_raw character varying(255) NOT NULL,
    latitude double precision,
    longitude double precision,
    logo character varying(100) NOT NULL,
    road boolean NOT NULL,
    mtb_xc boolean NOT NULL,
    mtb_st boolean NOT NULL,
    mtb_enduro boolean NOT NULL,
    mtb_downhill boolean NOT NULL,
    mtb_slalom boolean NOT NULL,
    cyclocross boolean NOT NULL,
    head_coach character varying(255) NOT NULL,
    instagram character varying(200) NOT NULL,
    facebook character varying(200) NOT NULL,
    twitter character varying(200) NOT NULL,
    program_strengths text NOT NULL,
    avg_cost character varying(100) NOT NULL,
    enrollment character varying(100) NOT NULL,
    acceptance_rate character varying(100) NOT NULL,
    graduation_rate character varying(100) NOT NULL,
    created_at timestamp with time zone NOT NULL,
    updated_at timestamp with time zone NOT NULL,
    geocode_confidence double precision,
    geocode_needs_review boolean NOT NULL,
    geocode_notes text NOT NULL,
    geocode_query character varying(255) NOT NULL,
    geocode_source character varying(100) NOT NULL,
    geocode_source_url character varying(200) NOT NULL,
    geocode_status character varying(20) NOT NULL,
    geocode_updated_at timestamp with time zone,
    nces_name character varying(255) NOT NULL,
    nces_schoolyear character varying(20) NOT NULL,
    nces_unitid character varying(20) NOT NULL,
    cycling_program_status character varying(20) NOT NULL,
    conference_id bigint,
    institution_control character varying(30) NOT NULL,
    institution_level character varying(30) NOT NULL,
    locale character varying(120) NOT NULL,
    CONSTRAINT schools_school_roster_female_check CHECK ((roster_female >= 0)),
    CONSTRAINT schools_school_roster_male_check CHECK ((roster_male >= 0))
);


--
-- Name: schools_school_id_seq; Type: SEQUENCE; Schema: public; Owner: -
--

ALTER TABLE public.schools_school ALTER COLUMN id ADD GENERATED BY DEFAULT AS IDENTITY (
    SEQUENCE NAME public.schools_school_id_seq
    START WITH 1
    INCREMENT BY 1
    NO MINVALUE
    NO MAXVALUE
    CACHE 1
);


--
-- Data for Name: accounts_user; Type: TABLE DATA; Schema: public; Owner: -
--

COPY public.accounts_user (id, password, last_login, is_superuser, username, first_name, last_name, is_staff, is_active, date_joined, email, role, grad_year, location, cycling_discipline, email_verified) FROM stdin;
2	pbkdf2_sha256$600000$TAAFQSi4td4Mnx7HgICfDc$T2cQaJyoMLlv82th3aFZAO64Pk8ahO3fGY0/8BZ4qoI=	\N	f	jutah	Johnny	Utah	f	t	2026-02-18 16:34:19.868648-05	jutah@comcast.net	student	2027			f
1	pbkdf2_sha256$600000$xP5OrTiUeGBcfU54fU9R9c$LtZrmm3hN8V3NesdWVD83J0h3qHnS5EWlRFL+1JgyYM=	2026-02-23 11:46:52.689827-05	t	admin			t	t	2026-02-15 15:02:46.344212-05	admin@skyway.local	student	\N			f
3	pbkdf2_sha256$600000$wgM8j22Tyew1ric6xUgZUj$uHlgh+5NMEpqpNIGsKp1mgElgEa5Yto0smcpLhm8X3w=	\N	f	jraisch	Johnny	Utah	f	t	2026-02-18 16:35:29.667247-05	jraisch@gmail.com	student	2028			f
\.


--
-- Data for Name: accounts_user_groups; Type: TABLE DATA; Schema: public; Owner: -
--

COPY public.accounts_user_groups (id, user_id, group_id) FROM stdin;
\.


--
-- Data for Name: accounts_user_user_permissions; Type: TABLE DATA; Schema: public; Owner: -
--

COPY public.accounts_user_user_permissions (id, user_id, permission_id) FROM stdin;
\.


--
-- Data for Name: auth_group; Type: TABLE DATA; Schema: public; Owner: -
--

COPY public.auth_group (id, name) FROM stdin;
\.


--
-- Data for Name: auth_group_permissions; Type: TABLE DATA; Schema: public; Owner: -
--

COPY public.auth_group_permissions (id, group_id, permission_id) FROM stdin;
\.


--
-- Data for Name: auth_permission; Type: TABLE DATA; Schema: public; Owner: -
--

COPY public.auth_permission (id, name, content_type_id, codename) FROM stdin;
1	Can add log entry	1	add_logentry
2	Can change log entry	1	change_logentry
3	Can delete log entry	1	delete_logentry
4	Can view log entry	1	view_logentry
5	Can add permission	2	add_permission
6	Can change permission	2	change_permission
7	Can delete permission	2	delete_permission
8	Can view permission	2	view_permission
9	Can add group	3	add_group
10	Can change group	3	change_group
11	Can delete group	3	delete_group
12	Can view group	3	view_group
13	Can add content type	4	add_contenttype
14	Can change content type	4	change_contenttype
15	Can delete content type	4	delete_contenttype
16	Can view content type	4	view_contenttype
17	Can add session	5	add_session
18	Can change session	5	change_session
19	Can delete session	5	delete_session
20	Can view session	5	view_session
21	Can add site	6	add_site
22	Can change site	6	change_site
23	Can delete site	6	delete_site
24	Can view site	6	view_site
25	Can add user	7	add_user
26	Can change user	7	change_user
27	Can delete user	7	delete_user
28	Can view user	7	view_user
29	Can add school	8	add_school
30	Can change school	8	change_school
31	Can delete school	8	delete_school
32	Can view school	8	view_school
33	Can add favorite school	9	add_favoriteschool
34	Can change favorite school	9	change_favoriteschool
35	Can delete favorite school	9	delete_favoriteschool
36	Can view favorite school	9	view_favoriteschool
37	Can add conference	10	add_conference
38	Can change conference	10	change_conference
39	Can delete conference	10	delete_conference
40	Can view conference	10	view_conference
41	Can add data load job	11	add_dataloadjob
42	Can change data load job	11	change_dataloadjob
43	Can delete data load job	11	delete_dataloadjob
44	Can view data load job	11	view_dataloadjob
45	Can add import schema	12	add_importschema
46	Can change import schema	12	change_importschema
47	Can delete import schema	12	delete_importschema
48	Can view import schema	12	view_importschema
49	Can add cms page	13	add_cmspage
50	Can change cms page	13	change_cmspage
51	Can delete cms page	13	delete_cmspage
52	Can view cms page	13	view_cmspage
53	Can add cms widget	14	add_cmswidget
54	Can change cms widget	14	change_cmswidget
55	Can delete cms widget	14	delete_cmswidget
56	Can view cms widget	14	view_cmswidget
57	Can add cms nav item	15	add_cmsnavitem
58	Can change cms nav item	15	change_cmsnavitem
59	Can delete cms nav item	15	delete_cmsnavitem
60	Can view cms nav item	15	view_cmsnavitem
61	Can add cms navigation	16	add_cmsnavigation
62	Can change cms navigation	16	change_cmsnavigation
63	Can delete cms navigation	16	delete_cmsnavigation
64	Can view cms navigation	16	view_cmsnavigation
65	Can add cms widget placement	17	add_cmswidgetplacement
66	Can change cms widget placement	17	change_cmswidgetplacement
67	Can delete cms widget placement	17	delete_cmswidgetplacement
68	Can view cms widget placement	17	view_cmswidgetplacement
\.


--
-- Data for Name: cms_cmsnavigation; Type: TABLE DATA; Schema: public; Owner: -
--

COPY public.cms_cmsnavigation (id, name, slug, description, is_published, created_at, updated_at) FROM stdin;
1	Guides	guides	Educational content and reference guides.	t	2026-02-23 12:55:55.572461-05	2026-02-23 12:55:55.572473-05
3	Main Footer Navigation	main-footer-nav	Primary footer navigation links.	t	2026-02-23 13:09:20.326909-05	2026-02-23 13:09:20.326914-05
2	Main Top Navigation	main-top-nav	Primary header navigation for public pages.	t	2026-02-23 13:06:10.098574-05	2026-02-23 13:10:26.033492-05
\.


--
-- Data for Name: cms_cmsnavitem; Type: TABLE DATA; Schema: public; Owner: -
--

COPY public.cms_cmsnavitem (id, title, external_url, open_new_tab, sort_order, is_published, created_at, updated_at, navigation_id, page_id, parent_id) FROM stdin;
1	Team Types: Club vs Varsity		f	10	t	2026-02-23 12:55:55.588704-05	2026-02-23 12:55:55.588711-05	1	1	\N
2	About Skyway		f	10	t	2026-02-23 13:06:10.142213-05	2026-02-23 13:09:20.315423-05	2	2	\N
4	All Colleges		f	30	t	2026-02-23 13:06:10.146633-05	2026-02-23 13:09:20.318903-05	2	3	\N
5	Submit a Correction		f	40	t	2026-02-23 13:06:10.148921-05	2026-02-23 13:09:20.321182-05	2	4	\N
6	Blog		f	50	t	2026-02-23 13:06:10.151491-05	2026-02-23 13:09:20.323093-05	2	5	\N
7	Contact Us		f	60	t	2026-02-23 13:06:10.153905-05	2026-02-23 13:09:20.324868-05	2	6	\N
8	About		f	10	t	2026-02-23 13:09:20.331503-05	2026-02-23 13:09:20.331518-05	3	2	\N
9	Contact		f	20	t	2026-02-23 13:09:20.335712-05	2026-02-23 13:09:20.33572-05	3	6	\N
10	School Table of Contents	/schools/table-of-contents	f	30	t	2026-02-23 13:09:20.338137-05	2026-02-23 13:09:20.338143-05	3	\N	\N
\.


--
-- Data for Name: cms_cmspage; Type: TABLE DATA; Schema: public; Owner: -
--

COPY public.cms_cmspage (id, title, slug, summary, body, status, template, show_title, show_sidebar_navigation, nav_order, published_at, created_at, updated_at, navigation_id, parent_id) FROM stdin;
2	About Skyway	about-skyway	Learn how Skyway helps students and families evaluate collegiate cycling programs.	[{"text": "Collegiate Cycling Finder helps students and families explore college cycling programs by conference, location, team type, and discipline.", "type": "paragraph"}, {"text": "Use our interactive map, school profiles, and conference navigation pages to quickly find cycling programs that fit your goals.", "type": "paragraph"}]	published	standard	t	f	10	2026-02-23 13:09:20.299832-05	2026-02-23 13:06:10.119952-05	2026-02-23 13:09:20.301991-05	2	\N
1	Collegiate Cycling Team Types: Club vs. Varsity	collegiate-cycling-team-types-club-vs-varsity	Understand how club and varsity collegiate cycling programs differ in structure, support, and expectations.	[{"text": "In collegiate cycling, teams generally compete under one of two institutional models: Club or Varsity. Both can participate in USA Cycling collegiate competition, but the difference is less about whether they race and more about how the program is organized, funded, and supported by the school. USA Cycling formally recognizes both categories in collegiate cycling.", "type": "paragraph"}, {"text": "For students and families evaluating programs, this distinction matters because it affects things like coaching structure, scholarships, training expectations, and administrative support. In practice, many collegiate cycling teams are club-based and student-led, while varsity teams tend to operate more like traditional school athletic programs.", "type": "paragraph"}, {"text": "Club Team", "type": "heading", "level": 2}, {"text": "Most collegiate cycling programs in the U.S. are structured as club teams, which are typically student-led organizations housed under campus recreation or student affairs. These teams often compete intercollegiately, but students usually take on a larger role in organizing operations such as leadership, budgeting, travel coordination, and recruitment.", "type": "paragraph"}, {"text": "A Club collegiate cycling team is a student-run campus sport organization that competes in intercollegiate cycling and is typically administered through campus recreation/student affairs rather than as a fully school-supported varsity athletics program.", "type": "callout", "title": "Clean Definition (Club)"}, {"text": "Varsity Team", "type": "heading", "level": 2}, {"text": "A smaller number of colleges and universities sponsor cycling as a varsity program, which usually means the school has made cycling a more formal athletic offering. USA Cycling varsity language emphasizes institutional support, including an official coach and additional school resources.", "type": "paragraph"}, {"text": "A Varsity collegiate cycling team is a school-supported cycling program recognized by USA Cycling that has an official coach and receives additional institutional resources/support from the college or university. Varsity programs are the collegiate cycling programs eligible to offer athletic scholarships.", "type": "callout", "title": "Clean Definition (Varsity)"}, {"text": "Comparison Table: Club vs. Varsity Collegiate Cycling", "type": "heading", "level": 2}, {"rows": [["Basic structure", "Student-run sport club organization", "School-supported athletic program"], ["Primary campus home", "Usually campus recreation/student affairs/club sports", "Athletics department or equivalent institutional athletic structure"], ["USA Cycling status", "Recognized collegiate category", "Recognized collegiate category"], ["Coaching requirement", "May have coaches/instructors, but often student-led operations", "Official coach is part of varsity program definition"], ["School resources/support", "Varies widely; often limited/moderate", "Generally higher and more formalized institutional support"], ["Athletic scholarships", "No (USA Cycling says only varsity programs can offer athletic scholarships)", "Yes (eligible)"], ["Student leadership role", "Typically high (budgeting, organization, travel, recruitment)", "Usually lower in operations; more staff/coach-led"], ["Commitment style", "Can be flexible to highly competitive depending on team", "Often more structured and training-driven"], ["Common recruiting signal", "Club sports page/student organization page", "Varsity team page/athletics-supported program page"], ["Competition opportunities", "Can compete in collegiate races/championship pathways", "Can compete in collegiate races/championship pathways"]], "type": "table", "caption": "Club vs Varsity comparison", "headers": ["Attribute", "Club Team", "Varsity Team"]}, {"text": "Sources framework: USA Cycling varsity definition and collegiate FAQ, plus Penn State club sports descriptions.", "type": "paragraph"}]	published	wide	t	t	20	2026-02-23 13:09:20.302979-05	2026-02-23 12:55:55.578832-05	2026-02-23 13:09:20.304089-05	2	\N
3	All Colleges	all-colleges	Browse all listed cycling schools through the structured directory pages.	[{"text": "Browse colleges using navigation paths that mirror search filters. Use conference, team type, and state pages to find the best college cycling programs.", "type": "paragraph"}, {"href": "/schools/table-of-contents", "text": "Open School Table of Contents", "type": "link"}, {"href": "/schools/by-team-type/varsity", "text": "Browse Varsity Cycling Schools", "type": "link"}, {"href": "/schools/by-team-type/club", "text": "Browse Club Cycling Schools", "type": "link"}]	published	standard	t	f	30	2026-02-23 13:09:20.304902-05	2026-02-23 13:06:10.12904-05	2026-02-23 13:09:20.305866-05	2	\N
4	Submit a Correction	submit-a-correction	Report school or conference data issues for review.	[{"text": "Found an issue in school or conference information? Please email correction details to info@yjroutdoors.com.", "type": "paragraph"}, {"text": "Include the school/conference name, the current value shown, and the corrected value for the fastest review.", "type": "paragraph"}]	published	standard	t	f	40	2026-02-23 13:09:20.307151-05	2026-02-23 13:06:10.132029-05	2026-02-23 13:09:20.308154-05	2	\N
5	Blog	skyway-blog	News, updates, and guidance from Skyway Collegiate Cycling Finder.	[{"text": "Skyway updates, conference insights, and college cycling guidance will appear here.", "type": "paragraph"}, {"text": "Check back soon for new posts.", "type": "paragraph"}]	published	standard	t	f	50	2026-02-23 13:09:20.308996-05	2026-02-23 13:06:10.134975-05	2026-02-23 13:09:20.309819-05	2	\N
6	Contact Us	contact-us	Contact Skyway for listing support and data update questions.	[{"text": "Questions about school listings, account support, or data updates?", "type": "paragraph"}, {"text": "Email: support@projectskyway.org", "type": "paragraph"}, {"text": "We review conference and school data updates regularly and can help you find the right cycling program path.", "type": "paragraph"}]	published	standard	t	f	60	2026-02-23 13:09:20.310681-05	2026-02-23 13:06:10.1382-05	2026-02-23 13:09:20.311561-05	2	\N
\.


--
-- Data for Name: cms_cmswidget; Type: TABLE DATA; Schema: public; Owner: -
--

COPY public.cms_cmswidget (id, name, slug, title, body, is_published, created_at, updated_at) FROM stdin;
1	Team Types Quick Guide	team-types-quick-guide	Club vs Varsity: Quick Guide	[{"text": "Club teams are usually student-led and organized through campus recreation. Varsity programs have formal school athletic support and official coaching.", "type": "paragraph"}, {"type": "list", "items": ["Club: high student leadership and flexible structure", "Varsity: formal support and scholarship eligibility", "Both: compete in collegiate cycling pathways"], "style": "unordered"}, {"href": "/content/collegiate-cycling-team-types-club-vs-varsity", "text": "Read full guide", "type": "link"}]	t	2026-02-23 12:55:55.593282-05	2026-02-23 12:55:55.593288-05
\.


--
-- Data for Name: cms_cmswidgetplacement; Type: TABLE DATA; Schema: public; Owner: -
--

COPY public.cms_cmswidgetplacement (id, route_path, slot, sort_order, is_published, created_at, page_id, widget_id) FROM stdin;
1	/	home	10	t	2026-02-23 12:55:55.598187-05	\N	1
\.


--
-- Data for Name: django_admin_log; Type: TABLE DATA; Schema: public; Owner: -
--

COPY public.django_admin_log (id, action_time, object_id, object_repr, action_flag, change_message, content_type_id, user_id) FROM stdin;
1	2026-02-16 13:31:04.03944-05	237	Baylor University	2	[{"changed": {"fields": ["Geocode status"]}}]	8	1
2	2026-02-16 13:42:54.54059-05	172	Rochester Institute of Technology	2	[{"changed": {"fields": ["Mtb xc", "Mtb st", "Mtb enduro", "Mtb downhill", "Mtb slalom", "Cyclocross"]}}]	8	1
3	2026-02-16 14:26:32.812135-05	193	University of Rochester	2	[{"changed": {"fields": ["Street address", "City", "State", "Zip code", "Address complete", "Nces name"]}}]	8	1
4	2026-02-16 14:27:36.008976-05	193	University of Rochester	2	[{"changed": {"fields": ["Geocode raw", "Latitude", "Longitude"]}}]	8	1
5	2026-02-16 14:27:48.367541-05	193	University of Rochester	2	[{"changed": {"fields": ["Geocode status"]}}]	8	1
6	2026-02-16 14:34:21.424509-05	146	Clarkson University	2	[{"changed": {"fields": ["Street address", "City", "State", "Zip code", "Address complete", "Geocode raw", "Latitude", "Longitude"]}}]	8	1
7	2026-02-16 14:34:41.735363-05	146	Clarkson University	2	[{"changed": {"fields": ["Mtb xc", "Mtb st", "Mtb enduro", "Mtb downhill", "Mtb slalom"]}}]	8	1
8	2026-02-18 16:20:52.763564-05	172	Rochester Institute of Technology	2	[{"changed": {"fields": ["Logo"]}}]	8	1
9	2026-02-18 17:02:18.741343-05	202	University of Utah	2	[{"changed": {"fields": ["Street address", "City", "State", "Zip code", "Address complete", "Geocode raw", "Latitude", "Longitude", "Geocode status", "Mtb xc", "Mtb st", "Mtb enduro", "Mtb downhill", "Mtb slalom", "Cyclocross", "Cycling program status"]}}]	8	1
10	2026-02-19 17:13:53.633553-05	3	jraisch@gmail.com	2	[{"changed": {"fields": ["password"]}}]	7	1
11	2026-02-19 17:14:56.761732-05	3	jraisch@gmail.com	2	[{"changed": {"fields": ["password"]}}]	7	1
12	2026-02-23 12:27:02.645766-05	34	Colorado State University	3		8	1
13	2026-02-23 12:29:35.971279-05	261	Colorado State University	2	[{"changed": {"fields": ["Geocode raw", "Latitude", "Longitude"]}}]	8	1
14	2026-02-23 12:30:57.412007-05	261	Colorado State University	2	[{"changed": {"fields": ["Geocode status"]}}]	8	1
15	2026-02-23 12:31:30.075611-05	41	University of Northern Colorado	2	[{"changed": {"fields": ["Geocode status"]}}]	8	1
16	2026-02-23 12:31:52.609197-05	261	Colorado State University	2	[]	8	1
17	2026-02-23 12:33:01.153281-05	261	Colorado State University	2	[{"changed": {"fields": ["Longitude"]}}]	8	1
18	2026-02-23 12:38:47.24245-05	261	Colorado State University	2	[{"changed": {"fields": ["Cycling website"]}}]	8	1
19	2026-02-23 12:39:37.672491-05	3	jraisch@gmail.com	2	[{"changed": {"fields": ["password"]}}]	7	1
20	2026-02-23 12:40:10.497244-05	3	jraisch@gmail.com	2	[{"changed": {"fields": ["password"]}}]	7	1
21	2026-02-23 13:10:26.038403-05	2	Main Top Navigation	2	[{"deleted": {"name": "cms nav item", "object": "Main Top Navigation: Team Type Guide"}}]	16	1
22	2026-02-23 14:25:20.015624-05	255	Penn State Behrend	2	[{"changed": {"fields": ["Geocode raw", "Latitude", "Longitude"]}}]	8	1
23	2026-02-23 14:26:11.445551-05	255	Penn State Behrend	3		8	1
24	2026-02-23 14:26:34.367928-05	167	Penn State Main Campus	2	[{"changed": {"fields": ["Name"]}}]	8	1
25	2026-02-23 14:27:54.987692-05	44	Arizona State University	3		8	1
26	2026-02-23 14:27:54.993605-05	215	Blue Mt. Community College	3		8	1
27	2026-02-23 14:27:54.994919-05	138	Boston College	3		8	1
28	2026-02-23 14:27:54.996007-05	139	Boston University	3		8	1
29	2026-02-23 14:27:54.997029-05	260	Colorado College	3		8	1
30	2026-02-23 14:27:54.998054-05	148	Columbia University-NYC	3		8	1
31	2026-02-23 14:27:54.999077-05	219	Idaho State University	3		8	1
32	2026-02-23 14:27:54.999986-05	59	Savannah College of Art and Design - Atlanta	3		8	1
33	2026-02-23 14:35:51.973586-05	158	Marlboro College (Closed in 2020)	2	[{"changed": {"fields": ["Name", "Street address", "City", "State", "Zip code", "Address complete"]}}]	8	1
34	2026-02-23 14:37:24.816046-05	158	Marlboro College (Closed in 2020)	2	[{"changed": {"fields": ["Geocode raw", "Latitude", "Longitude", "Geocode status"]}}]	8	1
35	2026-02-23 14:41:55.710063-05	226	University of British Columbia	3		8	1
36	2026-02-23 14:48:25.207846-05	24	Wake Forest University	2	[{"changed": {"fields": ["Street address", "City", "State", "Zip code", "Address complete", "Geocode raw", "Latitude", "Longitude", "Geocode status"]}}]	8	1
37	2026-02-23 14:54:36.361287-05	24	Wake Forest University	2	[{"changed": {"fields": ["Instagram", "Facebook"]}}]	8	1
38	2026-02-23 14:58:59.93399-05	200	Westminster College	2	[{"changed": {"fields": ["Street address", "City", "State", "Zip code", "Address complete", "Geocode raw", "Latitude", "Longitude", "Geocode status"]}}]	8	1
39	2026-02-23 15:00:07.12999-05	200	Westminster College	2	[{"changed": {"fields": ["Geocode raw", "Longitude"]}}]	8	1
40	2026-02-23 15:00:29.859322-05	200	Westminster College	2	[]	8	1
41	2026-02-23 15:01:31.860177-05	200	Westminster College	2	[{"changed": {"fields": ["Geocode raw", "Latitude", "Longitude"]}}]	8	1
42	2026-02-23 15:10:25.593405-05	14	Oklahoma State University	2	[{"changed": {"fields": ["Conference"]}}]	8	1
43	2026-02-24 13:28:26.299647-05	202	University of Utah	2	[{"changed": {"fields": ["Longitude"]}}]	8	1
\.


--
-- Data for Name: django_content_type; Type: TABLE DATA; Schema: public; Owner: -
--

COPY public.django_content_type (id, app_label, model) FROM stdin;
1	admin	logentry
2	auth	permission
3	auth	group
4	contenttypes	contenttype
5	sessions	session
6	sites	site
7	accounts	user
8	schools	school
9	schools	favoriteschool
10	schools	conference
11	schools	dataloadjob
12	schools	importschema
13	cms	cmspage
14	cms	cmswidget
15	cms	cmsnavitem
16	cms	cmsnavigation
17	cms	cmswidgetplacement
\.


--
-- Data for Name: django_migrations; Type: TABLE DATA; Schema: public; Owner: -
--

COPY public.django_migrations (id, app, name, applied) FROM stdin;
1	contenttypes	0001_initial	2026-02-15 15:02:37.593226-05
2	contenttypes	0002_remove_content_type_name	2026-02-15 15:02:37.630991-05
3	auth	0001_initial	2026-02-15 15:02:37.711047-05
4	auth	0002_alter_permission_name_max_length	2026-02-15 15:02:37.715308-05
5	auth	0003_alter_user_email_max_length	2026-02-15 15:02:37.718718-05
6	auth	0004_alter_user_username_opts	2026-02-15 15:02:37.722858-05
7	auth	0005_alter_user_last_login_null	2026-02-15 15:02:37.726768-05
8	auth	0006_require_contenttypes_0002	2026-02-15 15:02:37.728819-05
9	auth	0007_alter_validators_add_error_messages	2026-02-15 15:02:37.734881-05
10	auth	0008_alter_user_username_max_length	2026-02-15 15:02:37.739772-05
11	auth	0009_alter_user_last_name_max_length	2026-02-15 15:02:37.743605-05
12	auth	0010_alter_group_name_max_length	2026-02-15 15:02:37.748559-05
13	auth	0011_update_proxy_permissions	2026-02-15 15:02:37.753068-05
14	auth	0012_alter_user_first_name_max_length	2026-02-15 15:02:37.757534-05
15	accounts	0001_initial	2026-02-15 15:02:37.806591-05
16	admin	0001_initial	2026-02-15 15:02:37.82246-05
17	admin	0002_logentry_remove_auto_add	2026-02-15 15:02:37.834589-05
18	admin	0003_logentry_add_action_flag_choices	2026-02-15 15:02:37.840945-05
19	schools	0001_initial	2026-02-15 15:02:37.882125-05
20	sessions	0001_initial	2026-02-15 15:02:37.890161-05
21	sites	0001_initial	2026-02-15 15:02:37.895593-05
22	sites	0002_alter_domain_unique	2026-02-15 15:02:37.904163-05
23	schools	0002_school_geocode_confidence_and_more	2026-02-16 09:52:10.752387-05
24	schools	0003_school_nces_name_school_nces_schoolyear_and_more	2026-02-16 13:06:07.180203-05
25	schools	0004_school_cycling_program_status	2026-02-16 14:39:11.065428-05
26	schools	0005_conference_model_refactor	2026-02-16 14:51:18.096954-05
27	accounts	0002_alter_user_role	2026-02-18 18:49:12.180669-05
28	schools	0006_conference_long_name_conference_acronym	2026-02-18 18:49:12.222527-05
29	schools	0007_school_institution_control_school_institution_level_and_more	2026-02-18 19:58:54.70131-05
30	schools	0008_importschema_dataloadjob	2026-02-23 11:43:57.139005-05
31	cms	0001_initial	2026-02-23 12:55:42.336944-05
\.


--
-- Data for Name: django_session; Type: TABLE DATA; Schema: public; Owner: -
--

COPY public.django_session (session_key, session_data, expire_date) FROM stdin;
no912efcksdp0v931165kl8lfocd7v9a	.eJxVjMEOwiAQRP-FsyEsi1A8evcbGrosUjWQlPZk_Hdp0oPOZZJ5M_MWY9jWPG6Nl3GO4iJAnH6zKdCTyw7iI5R7lVTLusyT3CvyoE3eauTX9ej-HeTQcl8jIRtUCqxnQkjWpMGT0qjBE4AzmEzgbtp1meCsQjDnQTM4PxGJzxerqjZP:1vuZuk:qWcLJVK4eqr2Lf8RRY-RkKPEbY12td4b8-chYQXgI-U	2026-03-09 13:40:10.503306-04
\.


--
-- Data for Name: django_site; Type: TABLE DATA; Schema: public; Owner: -
--

COPY public.django_site (id, domain, name) FROM stdin;
1	example.com	example.com
\.


--
-- Data for Name: schools_conference; Type: TABLE DATA; Schema: public; Owner: -
--

COPY public.schools_conference (id, name, description, contact_name, contact_email, created_at, updated_at, acronym, long_name) FROM stdin;
3	Atlantic	Mid-Atlantic USA Cycling collegiate conference with schools from states like Virginia, Maryland, and North Carolina, focused on road, MTB, and cyclocross.			2026-02-16 14:51:17.658407-05	2026-02-18 18:53:14.656063-05	ACCC	Atlantic Collegiate Cycling Conference
7	Eastern	Northeast conference spanning Delaware to Maine, with 50+ schools competing across track, MTB, cyclocross, and road through the year.			2026-02-16 14:51:17.667557-05	2026-02-18 18:53:14.665767-05	ECCC	Eastern Collegiate Cycling Conference
10	Inter Mountain	Intermountain West conference supporting road, MTB, BMX, track, and cyclocross racing and collegiate community.			2026-02-16 14:51:17.889356-05	2026-02-18 18:53:14.666597-05	IMCCC	Intermountain Collegiate Cycling Conference
6	Midwest	Midwest conference supporting road, MTB, BMX, track, cyclocross, and gravel racing, plus collegiate team community across the region.			2026-02-16 14:51:17.665487-05	2026-02-18 18:53:14.667198-05	MWCCC	Midwest Collegiate Cycling Conference
9	North Central	North Central conference supporting road, MTB, BMX, track, cyclocross, and gravel racing while building a collegiate cycling community.			2026-02-16 14:51:17.806939-05	2026-02-18 18:53:14.667745-05	NCCCC	North Central Collegiate Cycling Conference
8	Northwest	Northwest conference supporting road, MTB, BMX, track, cyclocross, and gravel racing and collegiate cycling community across the region.			2026-02-16 14:51:17.673628-05	2026-02-18 18:53:14.668297-05	NWCCC	Northwest Collegiate Cycling Conference
2	Rocky Mountain	Rocky Mountain region conference supporting collegiate road, MTB, and track racing with an emphasis on a fun, fair, competitive experience.			2026-02-16 14:51:17.656571-05	2026-02-18 18:53:14.668871-05	RMCCC	Rocky Mountain Collegiate Cycling Conference
1	South Central	South Central conference with teams from Texas, Oklahoma, Arkansas, Louisiana, and beyond, supporting road, MTB, BMX, track, and cyclocross.			2026-02-16 14:51:17.64987-05	2026-02-18 18:53:14.669436-05	SCCCC	South Central Collegiate Cycling Conference
5	Southeast	Southeast conference with schools from Alabama, Georgia, Florida, and beyond, supporting road, MTB, BMX, track, and cyclocross.			2026-02-16 14:51:17.663469-05	2026-02-18 18:53:14.670112-05	SECCC	Southeastern Collegiate Cycling Conference
4	Southwest	Southwest conference including Arizona, New Mexico, and West Texas, with athletes competing in road, MTB, track, BMX, and cyclocross.			2026-02-16 14:51:17.661465-05	2026-02-18 18:53:14.670806-05	SWCCC	Southwest Collegiate Cycling Conference
11	Western	West Coast conference representing schools from California, Hawaii, and the western half of Nevada, supporting road, MTB, BMX, track, and cyclocross.			2026-02-18 18:53:14.671447-05	2026-02-18 18:53:14.673707-05	WCCC	Western Collegiate Cycling Conference
\.


--
-- Data for Name: schools_dataloadjob; Type: TABLE DATA; Schema: public; Owner: -
--

COPY public.schools_dataloadjob (id, uploaded_file, dry_run, status, created_count, updated_count, error_count, report_file, error_message, started_at, finished_at, created_at, schema_id, triggered_by_id) FROM stdin;
1	data-loads/input/skyway_top10_filled.csv	t	completed	10	0	0	data-loads/reports/data_load_job_1_report.csv		2026-02-23 12:21:00.976919-05	2026-02-23 12:21:01.018586-05	2026-02-23 12:21:00.966909-05	1	1
2	data-loads/input/skyway_top10_filled_bnwkS9U.csv	t	completed	10	0	0	data-loads/reports/data_load_job_2_report.csv		2026-02-23 12:25:40.358681-05	2026-02-23 12:25:40.408641-05	2026-02-23 12:25:40.352852-05	2	1
3	data-loads/input/skyway_top10_filled_G32ms70.csv	f	completed	10	0	0	data-loads/reports/data_load_job_3_report.csv		2026-02-23 12:26:09.686563-05	2026-02-23 12:26:09.802184-05	2026-02-23 12:26:09.683953-05	1	1
\.


--
-- Data for Name: schools_favoriteschool; Type: TABLE DATA; Schema: public; Owner: -
--

COPY public.schools_favoriteschool (id, visibility, created_at, school_id, user_id) FROM stdin;
1	private	2026-02-18 16:40:31.7044-05	172	3
2	private	2026-02-18 18:20:02.781543-05	151	3
3	private	2026-02-23 12:40:16.971531-05	261	3
\.


--
-- Data for Name: schools_importschema; Type: TABLE DATA; Schema: public; Owner: -
--

COPY public.schools_importschema (id, name, version, description, target_model, mapping_json, unique_key_fields, required_fields, defaults_json, type_rules, active, created_at, updated_at) FROM stdin;
1	V1	v1		schools.School	{"City": "city", "Road": "road", "State": "state", "MTB ST": "mtb_st", "MTB XC": "mtb_xc", "Team Type": "team_type", "CONFERENCE": "conference", "Cyclocross": "cyclocross", "MTB Enduro": "mtb_enduro", "MTB Slalom": "mtb_slalom", "NCES_UNITID": "nces_unitid", "SCHOOL NAME": "name", "MTB Downhill": "mtb_downhill", "CONTACT EMAIL": "contact_email", "School website": "school_website", "Cycling website": "cycling_website", "Head coach name": "head_coach", "School zip code": "zip_code", "Athletic dept website": "athletic_dept_website", "School address line 1": "street_address"}	["nces_unitid"]	["name", "nces_unitid"]	{"cycling_program_status": "active"}	{"road": "bool", "mtb_st": "bool", "mtb_xc": "bool", "team_type": "string", "cyclocross": "bool", "mtb_enduro": "bool", "mtb_slalom": "bool", "mtb_downhill": "bool"}	t	2026-02-23 12:21:00.950786-05	2026-02-23 12:21:00.950803-05
2	Top10 Intake NameState	v1		schools.School	{"City": "city", "Road": "road", "State": "state", "MTB ST": "mtb_st", "MTB XC": "mtb_xc", "Team Type": "team_type", "CONFERENCE": "conference", "Cyclocross": "cyclocross", "MTB Enduro": "mtb_enduro", "MTB Slalom": "mtb_slalom", "NCES_UNITID": "nces_unitid", "SCHOOL NAME": "name", "MTB Downhill": "mtb_downhill", "CONTACT EMAIL": "contact_email", "School website": "school_website", "Cycling website": "cycling_website", "Head coach name": "head_coach", "School zip code": "zip_code", "Athletic dept website": "athletic_dept_website", "School address line 1": "street_address"}	["name", "state"]	["name", "state"]	{"cycling_program_status": "active"}	{"road": "bool", "mtb_st": "bool", "mtb_xc": "bool", "team_type": "string", "cyclocross": "bool", "mtb_enduro": "bool", "mtb_slalom": "bool", "mtb_downhill": "bool"}	t	2026-02-23 12:25:14.833993-05	2026-02-23 12:25:14.834232-05
\.


--
-- Data for Name: schools_school; Type: TABLE DATA; Schema: public; Owner: -
--

COPY public.schools_school (id, name, proto_data, team_type, roster_male, roster_female, contact_email, date_joined, last_current, mascot, school_website, athletic_dept_website, cycling_website, street_address, city, state, zip_code, address_complete, geocode_raw, latitude, longitude, logo, road, mtb_xc, mtb_st, mtb_enduro, mtb_downhill, mtb_slalom, cyclocross, head_coach, instagram, facebook, twitter, program_strengths, avg_cost, enrollment, acceptance_rate, graduation_rate, created_at, updated_at, geocode_confidence, geocode_needs_review, geocode_notes, geocode_query, geocode_source, geocode_source_url, geocode_status, geocode_updated_at, nces_name, nces_schoolyear, nces_unitid, cycling_program_status, conference_id, institution_control, institution_level, locale) FROM stdin;
38	University of Colorado Colorado Springs	FALSE	Club	\N	\N	wmoorman@uccs.edu	1995-03-01	\N					1420 Austin Bluffs Parkway	Colorado Springs	CO	80918	1420 Austin Bluffs Parkway, Colorado Springs, CO, 80918, USA	38.892735, -104.800296	38.892735	-104.800296		f	f	f	f	f	f	f										2026-02-15 15:02:53.655366-05	2026-02-15 15:02:53.655373-05	0.9	t	Imported from NCES via exact_name match.	University of Colorado Colorado Springs	nces_arcgis	https://nces.ed.gov/opengis/rest/services/Postsecondary_School_Locations/EDGE_GEOCODE_POSTSECONDARYSCH_2223/MapServer/0	review	2026-02-16 13:11:39.507421-05	Colorado Technical University-Colorado Springs	2022-2023	126827	active	2	unknown	unknown	City: Large
220	Lewis & Clark College	FALSE	Club	\N	\N	rockyl@lclark.edu	2018-12-31	\N					500 8th Ave	Lewiston	ID	83501	500 8th Ave, Lewiston, ID, 83501, USA	46.412199, -117.024875	46.412199	-117.024875		f	f	f	f	f	f	f										2026-02-15 15:02:54.04095-05	2026-02-15 15:02:54.040955-05	0.9	t	Imported from NCES via exact_name match.	Lewis-Clark State College	nces_arcgis	https://nces.ed.gov/opengis/rest/services/Postsecondary_School_Locations/EDGE_GEOCODE_POSTSECONDARYSCH_2223/MapServer/0	review	2026-02-16 13:11:41.159952-05	Lewis & Clark College	2022-2023	209056	active	8	unknown	unknown	City: Large
43	US Air Force Academy	FALSE	Club	\N	\N	geffrey.moy@usafa.edu	1985-04-11	\N					2304 Cadet Drive, Suite 3800	USAF Academy	CO	80840	2304 Cadet Drive, Suite 3800, USAF Academy, CO, 80840, USA	39.010957, -104.891358	39.010957	-104.891358		f	f	f	f	f	f	f										2026-02-15 15:02:53.66533-05	2026-02-23 13:30:00.528338-05	1	f	Imported from NCES via unitid match.	United States Air Force Academy	nces_arcgis	https://nces.ed.gov/opengis/rest/services/Postsecondary_School_Locations/EDGE_GEOCODE_POSTSECONDARYSCH_2223/MapServer/0	geocoded	2026-02-23 13:35:06.556656-05	United States Air Force Academy	2022-2023	128328	active	2	unknown	unknown	Town: Fringe
254	Idaho State University		Club	\N	\N		\N	\N		https://www.isu.edu/	https://isubengals.com/		921 S 8th Ave	Pocatello	ID	83209	921 S 8th Ave, Pocatello, ID, 83209, USA	42.863832, -112.432312	42.863832	-112.432312		f	f	f	f	f	f	f										2026-02-23 12:26:09.703648-05	2026-02-23 12:26:09.703664-05	1	f	Imported from NCES via unitid match.	Idaho State University	nces_arcgis	https://nces.ed.gov/opengis/rest/services/Postsecondary_School_Locations/EDGE_GEOCODE_POSTSECONDARYSCH_2223/MapServer/0	geocoded	2026-02-23 13:35:06.779317-05	Idaho State University	2022-2023	142276	active	8	unknown	unknown	
258	Boston College		Club	\N	\N		\N	\N		https://www.bc.edu/	https://bceagles.com/	https://www.bc.edu/bc-web/offices/rec/sports/club-sports/cycling.html	140 Commonwealth Avenue	Chestnut Hill	MA	02467	140 Commonwealth Avenue, Chestnut Hill, MA, 02467, USA	42.336213, -71.169242	42.336213	-71.169242		t	f	f	f	f	f	t										2026-02-23 12:26:09.751033-05	2026-02-23 12:26:09.751053-05	1	f	Imported from NCES via unitid match.	Boston College	nces_arcgis	https://nces.ed.gov/opengis/rest/services/Postsecondary_School_Locations/EDGE_GEOCODE_POSTSECONDARYSCH_2223/MapServer/0	geocoded	2026-02-23 13:35:07.816168-05	Boston College	2022-2023	164924	active	7	unknown	unknown	
261	Colorado State University		Club	\N	\N		\N	\N		https://www.colostate.edu/	https://csurams.com/	https://csurec.colostate.edu/sport-clubs/cycling/	200 W Lake St	Fort Collins	CO	80523		40.5729432,-105.087414	40.5729432	-105.087414		t	f	f	f	f	f	t										2026-02-23 12:26:09.779062-05	2026-02-23 12:38:47.234695-05	\N	f					geocoded	\N	Colorado State University-Fort Collins	2022-2023	126818	active	2	unknown	unknown	City: Midsize
263	Florida State University		Club	\N	\N	jry23@fsu.edu	\N	\N		https://www.fsu.edu/	https://seminoles.com/	https://nolecentral.dsa.fsu.edu/organization/bikingclub	119 N Glen Arven Ave	Temple Terrace	FL	33617	119 N Glen Arven Ave, Temple Terrace, FL, 33617, USA	28.034936, -82.383289	28.034936	-82.383289		f	f	f	f	f	f	f										2026-02-23 12:26:09.798743-05	2026-02-23 12:26:09.798761-05	0.99	f	Imported from NCES via exact_state_name match.	Florida College	nces_arcgis	https://nces.ed.gov/opengis/rest/services/Postsecondary_School_Locations/EDGE_GEOCODE_POSTSECONDARYSCH_2223/MapServer/0	geocoded	2026-02-23 13:35:06.609986-05	Florida College	2022-2023	133809	active	5	unknown	unknown	Suburb: Large
75	Georgia Institute of Technology	FALSE	Club	\N	\N	gatechcycling@gmail.com	1994-12-01	\N					225 North Ave	Atlanta	GA	30332	225 North Ave, Atlanta, GA, 30332, USA	33.77242, -84.394832	33.77242	-84.394832		f	f	f	f	f	f	f										2026-02-15 15:02:53.733956-05	2026-02-23 13:30:00.724897-05	1	f	Imported from NCES via unitid match.	Georgia Institute of Technology-Main Campus	nces_arcgis	https://nces.ed.gov/opengis/rest/services/Postsecondary_School_Locations/EDGE_GEOCODE_POSTSECONDARYSCH_2223/MapServer/0	geocoded	2026-02-23 13:35:06.667103-05	Georgia Institute of Technology-Main Campus	2022-2023	139755	active	5	unknown	unknown	City: Large
257	Blue Mt. Community College		Club	\N	\N		\N	\N		https://bluecc.edu/			2411 NW Carden Ave	Pendleton	OR	97801	2411 NW Carden Ave, Pendleton, OR, 97801, USA	45.677313, -118.816944	45.677313	-118.816944		f	f	f	f	f	f	f										2026-02-23 12:26:09.741959-05	2026-02-23 12:26:09.74198-05	1	f	Imported from NCES via unitid match.	Blue Mountain Community College	nces_arcgis	https://nces.ed.gov/opengis/rest/services/Postsecondary_School_Locations/EDGE_GEOCODE_POSTSECONDARYSCH_2223/MapServer/0	geocoded	2026-02-23 13:35:10.52845-05	Blue Mountain Community College	2022-2023	208275	active	8	unknown	unknown	
262	Columbia University-NYC		Club	\N	\N		\N	\N		https://www.columbia.edu/	https://gocolumbialions.com/	https://perec.columbia.edu/club-sports/cycling-club	West 116 St and Broadway	New York	NY	10027	West 116 St and Broadway, New York, NY, 10027, USA	40.808286, -73.961885	40.808286	-73.961885		t	f	f	f	f	f	t										2026-02-23 12:26:09.789866-05	2026-02-23 12:26:09.789892-05	1	f	Imported from NCES via unitid match.	Columbia University in the City of New York	nces_arcgis	https://nces.ed.gov/opengis/rest/services/Postsecondary_School_Locations/EDGE_GEOCODE_POSTSECONDARYSCH_2223/MapServer/0	geocoded	2026-02-23 13:35:09.433704-05	Columbia University in the City of New York	2022-2023	190150	active	7	unknown	unknown	City: Large
14	Oklahoma State University	FALSE	Club	\N	\N	osucyclingclub@gmail.com	2010-03-09	\N					107 Whitehurst	Stillwater	OK	74078	107 Whitehurst, Stillwater, OK, 74078, USA	36.123085, -97.069743	36.123085	-97.069743		f	f	f	f	f	f	f										2026-02-15 15:02:53.605089-05	2026-02-23 15:10:25.583041-05	1	f	Imported from NCES via unitid match.	Oklahoma State University-Main Campus	nces_arcgis	https://nces.ed.gov/opengis/rest/services/Postsecondary_School_Locations/EDGE_GEOCODE_POSTSECONDARYSCH_2223/MapServer/0	geocoded	2026-02-23 13:35:10-05	Oklahoma State University-Main Campus	2022-2023	207388	active	1	unknown	unknown	Town: Distant
66	Clemson University	FALSE	Club	\N	\N	cycling@g.clemson.edu	1994-02-18	\N					201 Sikes Hall	Clemson	SC	29634	201 Sikes Hall, Clemson, SC, 29634, USA	34.679381, -82.835114	34.679381	-82.835114		f	f	f	f	f	f	f										2026-02-15 15:02:53.715052-05	2026-02-15 15:02:53.715056-05	0.9	t	Imported from NCES via exact_name match.	Clemson University	nces_arcgis	https://nces.ed.gov/opengis/rest/services/Postsecondary_School_Locations/EDGE_GEOCODE_POSTSECONDARYSCH_2223/MapServer/0	review	2026-02-16 13:11:57.228641-05	Clemson University	2022-2023	217882	active	5	unknown	unknown	Suburb: Large
52	University of Arizona	FALSE	Club	\N	\N	uacyclingclub@gmail.com	1994-01-21	\N					1401 E University Blvd	Tucson	AZ	85721	1401 E University Blvd, Tucson, AZ, 85721, USA	32.232672, -110.950815	32.232672	-110.950815		f	f	f	f	f	f	f										2026-02-15 15:02:53.683687-05	2026-02-23 13:30:00.662537-05	1	f	Imported from NCES via unitid match.	University of Arizona	nces_arcgis	https://nces.ed.gov/opengis/rest/services/Postsecondary_School_Locations/EDGE_GEOCODE_POSTSECONDARYSCH_2223/MapServer/0	geocoded	2026-02-23 13:35:06.454056-05	University of Arizona	2022-2023	104179	active	4	unknown	unknown	City: Large
39	University of Colorado Denver	FALSE	Club	\N	\N	brett.lagerblade@ucdenver.edu	2014-02-19	\N					1380 Lawrence Street, Lawrence Street Center, Suite 1400	Denver	CO	80217	1380 Lawrence Street, Lawrence Street Center, Suite 1400, Denver, CO, 80217, USA	39.745149, -104.837722	39.745149	-104.837722		f	f	f	f	f	f	f										2026-02-15 15:02:53.657423-05	2026-02-23 13:30:00.465665-05	1	f	Imported from NCES via unitid match.	University of Colorado Denver/Anschutz Medical Campus	nces_arcgis	https://nces.ed.gov/opengis/rest/services/Postsecondary_School_Locations/EDGE_GEOCODE_POSTSECONDARYSCH_2223/MapServer/0	geocoded	2026-02-23 13:35:06.499806-05	University of Colorado Denver/Anschutz Medical Campus	2022-2023	126562	active	2	unknown	unknown	City: Large
31	Colorado College	FALSE	Club	\N	\N	cstarr@coloradocollege.edu	1994-12-27	\N					14. E Cache La Poudre St.	Colorado Springs	CO	80903	14. E Cache La Poudre St., Colorado Springs, CO, 80903, USA	38.84886, -104.822697	38.84886	-104.822697		f	f	f	f	f	f	f										2026-02-15 15:02:53.641877-05	2026-02-23 13:30:00.369447-05	1	f	Imported from NCES via unitid match.	Colorado College	nces_arcgis	https://nces.ed.gov/opengis/rest/services/Postsecondary_School_Locations/EDGE_GEOCODE_POSTSECONDARYSCH_2223/MapServer/0	geocoded	2026-02-23 13:35:06.543896-05	Colorado College	2022-2023	126678	active	2	unknown	unknown	City: Large
71	Florida State University	FALSE	Club	\N	\N	cobando@fsu.edu	1995-01-23	\N					222 S. Copeland Street	Tallahassee	FL	32306	222 S. Copeland Street, Tallahassee, FL, 32306, USA	30.443147, -84.295064	30.443147	-84.295064		f	f	f	f	f	f	f										2026-02-15 15:02:53.725253-05	2026-02-23 13:30:00.710794-05	1	f	Imported from NCES via unitid match.	Florida State University	nces_arcgis	https://nces.ed.gov/opengis/rest/services/Postsecondary_School_Locations/EDGE_GEOCODE_POSTSECONDARYSCH_2223/MapServer/0	geocoded	2026-02-23 13:35:06.63436-05	Florida State University	2022-2023	134097	active	5	unknown	unknown	City: Midsize
90	University of Georgia	FALSE	Club	\N	\N	clubcyclingatUGA@gmail.com	1993-12-07	\N					Administration Building	Athens	GA	30602	Administration Building, Athens, GA, 30602, USA	33.956262, -83.374039	33.956262	-83.374039		f	f	f	f	f	f	f										2026-02-15 15:02:53.763776-05	2026-02-23 13:30:00.757226-05	1	f	Imported from NCES via unitid match.	University of Georgia	nces_arcgis	https://nces.ed.gov/opengis/rest/services/Postsecondary_School_Locations/EDGE_GEOCODE_POSTSECONDARYSCH_2223/MapServer/0	geocoded	2026-02-23 13:35:06.673429-05	University of Georgia	2022-2023	139959	active	5	unknown	unknown	City: Midsize
60	Savannah College of Art and Design - Savannah	FALSE	Varsity	\N	\N	ahoover@scad.edu	2009-11-16	\N					342 Bull St	Savannah	GA	31402	342 Bull St, Savannah, GA, 31402, USA	32.072964, -81.09395	32.072964	-81.09395		f	f	f	f	f	f	f										2026-02-15 15:02:53.701869-05	2026-02-23 13:30:00.684427-05	1	f	Imported from NCES via unitid match.	Savannah College of Art and Design	nces_arcgis	https://nces.ed.gov/opengis/rest/services/Postsecondary_School_Locations/EDGE_GEOCODE_POSTSECONDARYSCH_2223/MapServer/0	geocoded	2026-02-23 13:35:06.701697-05	Savannah College of Art and Design	2022-2023	140951	active	5	unknown	unknown	City: Midsize
187	University of Maine-Orono	FALSE	Club	\N	\N	dale.russell@maine.edu	2001-02-22	\N					168 College Avenue	Orono	ME	04469	168 College Avenue, Orono, ME, 04469, USA	44.899257, -68.669332	44.899257	-68.669332		f	f	f	f	f	f	f										2026-02-15 15:02:53.968638-05	2026-02-23 13:30:00.831214-05	1	f	Imported from NCES via unitid match.	University of Maine	nces_arcgis	https://nces.ed.gov/opengis/rest/services/Postsecondary_School_Locations/EDGE_GEOCODE_POSTSECONDARYSCH_2223/MapServer/0	geocoded	2026-02-23 13:35:07.800542-05	University of Maine	2022-2023	161253	active	7	unknown	unknown	Suburb: Small
165	Penn State Behrend	FALSE	Club	\N	\N		2017-03-21	\N					4701 College Drive	Erie	PA	16563	4701 College Drive, Erie, PA, 16563, USA	42.119417, -79.983818	42.119417	-79.983818		f	f	f	f	f	f	f										2026-02-15 15:02:53.922227-05	2026-02-23 13:30:00.798618-05	1	f	Imported from NCES via unitid match.	Pennsylvania State University-Penn State Erie-Behrend College	nces_arcgis	https://nces.ed.gov/opengis/rest/services/Postsecondary_School_Locations/EDGE_GEOCODE_POSTSECONDARYSCH_2223/MapServer/0	geocoded	2026-02-23 13:35:11.677303-05	Pennsylvania State University-Penn State Erie-Behrend College	2022-2023	214591	active	7	unknown	unknown	Suburb: Midsize
21	US Naval Academy	FALSE	Club	\N	\N	nopolltoll@gmail.com	1993-12-13	\N					121 Blake Road	Annapolis	MD	21402	121 Blake Road, Annapolis, MD, 21402, USA	38.980507, -76.481692	38.980507	-76.481692		f	f	f	f	f	f	f										2026-02-15 15:02:53.619911-05	2026-02-23 13:30:00.366679-05	1	f	Imported from NCES via unitid match.	United States Naval Academy	nces_arcgis	https://nces.ed.gov/opengis/rest/services/Postsecondary_School_Locations/EDGE_GEOCODE_POSTSECONDARYSCH_2223/MapServer/0	geocoded	2026-02-23 13:35:07.808349-05	United States Naval Academy	2022-2023	164155	active	3	unknown	unknown	Suburb: Large
225	The University of Montana	FALSE	Club	\N	\N	cycling.um@gmail.com	1994-03-22	\N					Missoula, Montana	Missoula	MT	59812	Missoula, Montana, Missoula, MT, 59812, USA	46.859312, -113.982912	46.859312	-113.982912		f	f	f	f	f	f	f										2026-02-15 15:02:54.05223-05	2026-02-23 13:30:00.882593-05	1	f	Imported from NCES via unitid match.	The University of Montana	nces_arcgis	https://nces.ed.gov/opengis/rest/services/Postsecondary_School_Locations/EDGE_GEOCODE_POSTSECONDARYSCH_2223/MapServer/0	geocoded	2026-02-23 13:35:09.05918-05	The University of Montana	2022-2023	180489	active	8	unknown	unknown	City: Small
46	Institute of American Indian Arts	FALSE	Club	\N	\N	pmoore@iaia.edu	2021-08-19	\N					83 Avan Nu Po Road	Santa Fe	NM	87508	83 Avan Nu Po Road, Santa Fe, NM, 87508, USA	35.586563, -106.010015	35.586563	-106.010015		f	f	f	f	f	f	f										2026-02-15 15:02:53.671405-05	2026-02-23 13:30:00.645001-05	1	f	Imported from NCES via unitid match.	Institute of American Indian and Alaska Native Culture and Arts Development	nces_arcgis	https://nces.ed.gov/opengis/rest/services/Postsecondary_School_Locations/EDGE_GEOCODE_POSTSECONDARYSCH_2223/MapServer/0	geocoded	2026-02-23 13:35:09.3924-05	Institute of American Indian and Alaska Native Culture and Arts Development	2022-2023	187745	active	4	unknown	unknown	Rural: Fringe
53	University of New Mexico	FALSE	Club	\N	\N	tnelson27@unm.edu	1987-04-03	\N					1700 Lomas Blvd NE	Albuquerque	NM	87106	1700 Lomas Blvd NE, Albuquerque, NM, 87106, USA	35.083868, -106.620155	35.083868	-106.620155		f	f	f	f	f	f	f										2026-02-15 15:02:53.686351-05	2026-02-23 13:30:00.668494-05	1	f	Imported from NCES via unitid match.	University of New Mexico-Main Campus	nces_arcgis	https://nces.ed.gov/opengis/rest/services/Postsecondary_School_Locations/EDGE_GEOCODE_POSTSECONDARYSCH_2223/MapServer/0	geocoded	2026-02-23 13:35:09.395603-05	University of New Mexico-Main Campus	2022-2023	187985	active	4	unknown	unknown	City: Large
228	University of Oregon	FALSE	Club	\N	\N	shawnm@uoregon.edu	1994-11-07	\N					110 Johnson Hall	Eugene	OR	97403	110 Johnson Hall, Eugene, OR, 97403, USA	44.045146, -123.075792	44.045146	-123.075792		f	f	f	f	f	f	f										2026-02-15 15:02:54.059175-05	2026-02-23 13:30:00.891504-05	1	f	Imported from NCES via unitid match.	University of Oregon	nces_arcgis	https://nces.ed.gov/opengis/rest/services/Postsecondary_School_Locations/EDGE_GEOCODE_POSTSECONDARYSCH_2223/MapServer/0	geocoded	2026-02-23 13:35:11.631141-05	University of Oregon	2022-2023	209551	active	8	unknown	unknown	City: Midsize
166	Penn State-Lehigh Valley	FALSE	Club	\N	\N	mqm5336@psu.edu	2018-12-31	\N					2809 Saucon Valley Road	Center Valley	PA	18034	2809 Saucon Valley Road, Center Valley, PA, 18034, USA	40.559201, -75.40267	40.559201	-75.40267		f	f	f	f	f	f	f										2026-02-15 15:02:53.924065-05	2026-02-23 13:30:00.801502-05	1	f	Imported from NCES via unitid match.	Pennsylvania State University-Penn State Lehigh Valley	nces_arcgis	https://nces.ed.gov/opengis/rest/services/Postsecondary_School_Locations/EDGE_GEOCODE_POSTSECONDARYSCH_2223/MapServer/0	geocoded	2026-02-23 13:35:11.702724-05	Pennsylvania State University-Penn State Lehigh Valley	2022-2023	214670	active	7	unknown	unknown	Suburb: Large
190	University of Pennsylvania	FALSE	Club	\N	\N	cycling.upenn@gmail.com	1995-01-28	\N					34th & Spruce Street	Philadelphia	PA	19104	34th & Spruce Street, Philadelphia, PA, 19104, USA	39.950929, -75.19391	39.950929	-75.19391		f	f	f	f	f	f	f										2026-02-15 15:02:53.975167-05	2026-02-23 13:30:00.845043-05	1	f	Imported from NCES via unitid match.	University of Pennsylvania	nces_arcgis	https://nces.ed.gov/opengis/rest/services/Postsecondary_School_Locations/EDGE_GEOCODE_POSTSECONDARYSCH_2223/MapServer/0	geocoded	2026-02-23 13:35:11.711437-05	University of Pennsylvania	2022-2023	215062	active	7	unknown	unknown	City: Large
203	Utah State University	FALSE	Club	\N	\N	bailey.daniel.adams@usu.edu	2001-01-18	\N					Old Main Hill	Logan	UT	84322	Old Main Hill, Logan, UT, 84322, USA	41.740748, -111.81391	41.740748	-111.81391		f	f	f	f	f	f	f										2026-02-15 15:02:54.004463-05	2026-02-23 13:30:00.858315-05	1	f	Imported from NCES via unitid match.	Utah State University	nces_arcgis	https://nces.ed.gov/opengis/rest/services/Postsecondary_School_Locations/EDGE_GEOCODE_POSTSECONDARYSCH_2223/MapServer/0	geocoded	2026-02-23 13:35:12.222307-05	Utah State University	2022-2023	230728	active	10	unknown	unknown	City: Small
115	Purdue University	TRUE	Club	\N	\N	duffy23@purdue.edu	1994-03-03	\N					Hovde Hall of Administration	West Lafayette	IN	47907	Hovde Hall of Administration, West Lafayette, IN, 47907, USA	40.428206, -86.914435	40.428206	-86.914435		f	f	f	f	f	f	f										2026-02-15 15:02:53.816801-05	2026-02-23 13:30:00.770261-05	1	f	Imported from NCES via unitid match.	Purdue University-Main Campus	nces_arcgis	https://nces.ed.gov/opengis/rest/services/Postsecondary_School_Locations/EDGE_GEOCODE_POSTSECONDARYSCH_2223/MapServer/0	geocoded	2026-02-23 13:35:14.167216-05	Purdue University-Main Campus	2022-2023	243780	active	6	unknown	unknown	City: Small
149	Cornell University	FALSE	Club	\N	\N	kes292@cornell.edu	1994-02-20	\N					600 First St. SW	Mount Vernon	IA	52314	600 First St. SW, Mount Vernon, IA, 52314, USA	41.924554, -91.423741	41.924554	-91.423741		f	f	f	f	f	f	f										2026-02-15 15:02:53.889666-05	2026-02-15 15:02:53.889672-05	0.9	t	Imported from NCES via exact_name match.	Cornell College	nces_arcgis	https://nces.ed.gov/opengis/rest/services/Postsecondary_School_Locations/EDGE_GEOCODE_POSTSECONDARYSCH_2223/MapServer/0	review	2026-02-16 13:11:43.667328-05	Cornell University	2022-2023	190415	active	7	unknown	unknown	City: Small
256	Arizona State University		Club	\N	\N		\N	\N		https://www.asu.edu/	https://sundevils.com/	https://www.asucycling.com/	University Drive and Mill Avenue	Tempe	AZ	85287	University Drive and Mill Avenue, Tempe, AZ, 85287, USA	33.417721, -111.934383	33.417721	-111.934383		t	t	f	f	f	f	t										2026-02-23 12:26:09.732794-05	2026-02-23 12:26:09.732818-05	1	f	Imported from NCES via unitid match.	Arizona State University Campus Immersion	nces_arcgis	https://nces.ed.gov/opengis/rest/services/Postsecondary_School_Locations/EDGE_GEOCODE_POSTSECONDARYSCH_2223/MapServer/0	geocoded	2026-02-23 13:35:06.296728-05	Arizona State University Campus Immersion	2022-2023	104151	active	4	unknown	unknown	City: Midsize
227	University of Idaho	FALSE	Club	\N	\N	mmorra@uidaho.edu	1994-02-16	\N					875 Perimeter Drive MS 2282	Moscow	ID	83844	875 Perimeter Drive MS 2282, Moscow, ID, 83844, USA	46.727406, -117.014167	46.727406	-117.014167		f	f	f	f	f	f	f										2026-02-15 15:02:54.057066-05	2026-02-23 13:30:00.888278-05	1	f	Imported from NCES via unitid match.	University of Idaho	nces_arcgis	https://nces.ed.gov/opengis/rest/services/Postsecondary_School_Locations/EDGE_GEOCODE_POSTSECONDARYSCH_2223/MapServer/0	geocoded	2026-02-23 13:35:06.782482-05	University of Idaho	2022-2023	142285	active	8	unknown	unknown	Town: Distant
209	University of Iowa	FALSE	Club	\N	\N	matthew-schaefer-1@uiowa.edu	2004-03-24	\N					101 Jessup Hall	Iowa City	IA	52242	101 Jessup Hall, Iowa City, IA, 52242, USA	41.661935, -91.536425	41.661935	-91.536425		f	f	f	f	f	f	f										2026-02-15 15:02:54.017147-05	2026-02-23 13:30:00.868201-05	1	f	Imported from NCES via unitid match.	University of Iowa	nces_arcgis	https://nces.ed.gov/opengis/rest/services/Postsecondary_School_Locations/EDGE_GEOCODE_POSTSECONDARYSCH_2223/MapServer/0	geocoded	2026-02-23 13:35:07.779154-05	University of Iowa	2022-2023	153658	active	9	unknown	unknown	City: Small
86	Union College-KY	FALSE	Club	\N	\N	strinque@unionky.edu	1998-09-20	\N					310 College St	Barbourville	KY	40906	310 College St, Barbourville, KY, 40906, USA	36.870875, -83.888477	36.870875	-83.888477		f	f	f	f	f	f	f										2026-02-15 15:02:53.755347-05	2026-02-23 13:30:00.743277-05	1	f	Imported from NCES via unitid match.	Union College	nces_arcgis	https://nces.ed.gov/opengis/rest/services/Postsecondary_School_Locations/EDGE_GEOCODE_POSTSECONDARYSCH_2223/MapServer/0	geocoded	2026-02-23 13:35:07.791549-05	Union College	2022-2023	157863	active	5	unknown	unknown	Town: Remote
172	Rochester Institute of Technology	TRUE	Club	10	1	jxo7961@rit.edu	2007-03-02	\N					1 Lomb Memorial Dr	Rochester	NY	14623	1 Lomb Memorial Dr, Rochester, NY, 14623, USA	43.084188, -77.67386	43.084188	-77.67386	school-logos/Primary_k_RIT_1505c_orange_outline-100.jpg	f	t	t	t	t	t	t										2026-02-15 15:02:53.936968-05	2026-02-18 16:20:52.748171-05	0.9	t	Imported from NCES via exact_name match.	Rochester Institute of Technology	nces_arcgis	https://nces.ed.gov/opengis/rest/services/Postsecondary_School_Locations/EDGE_GEOCODE_POSTSECONDARYSCH_2223/MapServer/0	review	2026-02-16 13:11:51-05	Rochester Institute of Technology	2022-2023	195003	active	7	unknown	unknown	Suburb: Large
238	Louisiana State University	FALSE	Club	\N	\N	lsucyclingclub@gmail.com	1996-12-11	\N					156 Thomas Boyd Hall	Baton Rouge	LA	70803	156 Thomas Boyd Hall, Baton Rouge, LA, 70803, USA	30.414986, -91.178921	30.414986	-91.178921		f	f	f	f	f	f	f										2026-02-15 15:02:54.081723-05	2026-02-23 13:30:00.893578-05	1	f	Imported from NCES via unitid match.	Louisiana State University and Agricultural & Mechanical College	nces_arcgis	https://nces.ed.gov/opengis/rest/services/Postsecondary_School_Locations/EDGE_GEOCODE_POSTSECONDARYSCH_2223/MapServer/0	geocoded	2026-02-23 13:35:07.795423-05	Louisiana State University and Agricultural & Mechanical College	2022-2023	159391	active	1	unknown	unknown	City: Midsize
259	Boston University		Club	\N	\N		\N	\N		https://www.bu.edu/	https://goterriers.com/	https://www.bu.edu/fitrec/recreation/clubsims/club-sports/cycling/	One Silber Way	Boston	MA	02215	One Silber Way, Boston, MA, 02215, USA	42.351118, -71.107942	42.351118	-71.107942		f	f	f	f	f	f	f										2026-02-23 12:26:09.760635-05	2026-02-23 12:26:09.760662-05	1	f	Imported from NCES via unitid match.	Boston University	nces_arcgis	https://nces.ed.gov/opengis/rest/services/Postsecondary_School_Locations/EDGE_GEOCODE_POSTSECONDARYSCH_2223/MapServer/0	geocoded	2026-02-23 13:35:07.817925-05	Boston University	2022-2023	164988	active	7	unknown	unknown	City: Large
208	Minnesota State College Southeast - Red Wing	FALSE	Club	\N	\N	gbeckwith@southeastmn.edu	2020-02-24	\N					1250 Homer Rd	Winona	MN	55987	1250 Homer Rd, Winona, MN, 55987, USA	44.024554, -91.618318	44.024554	-91.618318		f	f	f	f	f	f	f										2026-02-15 15:02:54.014898-05	2026-02-23 13:30:00.863899-05	1	f	Imported from NCES via unitid match.	Minnesota State College Southeast	nces_arcgis	https://nces.ed.gov/opengis/rest/services/Postsecondary_School_Locations/EDGE_GEOCODE_POSTSECONDARYSCH_2223/MapServer/0	geocoded	2026-02-23 13:35:07.864447-05	Minnesota State College Southeast	2022-2023	175263	active	9	unknown	unknown	Town: Distant
189	University of New Hampshire	FALSE	Club	\N	\N	aaron.croce@unh.edu	1993-12-20	\N					105 Main St., Thompson Hall	Durham	NH	03824	105 Main St., Thompson Hall, Durham, NH, 03824, USA	43.135934, -70.932465	43.135934	-70.932465		f	f	f	f	f	f	f										2026-02-15 15:02:53.973107-05	2026-02-23 13:30:00.839438-05	1	f	Imported from NCES via unitid match.	University of New Hampshire-Main Campus	nces_arcgis	https://nces.ed.gov/opengis/rest/services/Postsecondary_School_Locations/EDGE_GEOCODE_POSTSECONDARYSCH_2223/MapServer/0	geocoded	2026-02-23 13:35:09.325899-05	University of New Hampshire-Main Campus	2022-2023	183044	active	7	unknown	unknown	Suburb: Small
48	New Mexico State University	FALSE	Club	\N	\N	ziaboulder@gmail.com	2005-05-05	\N					2850 Weddell Street	Las Cruces	NM	88003	2850 Weddell Street, Las Cruces, NM, 88003, USA	32.281568, -106.752069	32.281568	-106.752069		f	f	f	f	f	f	f										2026-02-15 15:02:53.675582-05	2026-02-23 13:30:00.656135-05	1	f	Imported from NCES via unitid match.	New Mexico State University-Main Campus	nces_arcgis	https://nces.ed.gov/opengis/rest/services/Postsecondary_School_Locations/EDGE_GEOCODE_POSTSECONDARYSCH_2223/MapServer/0	geocoded	2026-02-23 13:35:09.396928-05	New Mexico State University-Main Campus	2022-2023	188030	active	4	unknown	unknown	Suburb: Midsize
174	Saint Lawrence University	FALSE	Club	\N	\N	lieslmagnus@gmail.com	2004-03-11	\N					23 Romoda Drive	Canton	NY	13617	23 Romoda Drive, Canton, NY, 13617, USA	44.589879, -75.161343	44.589879	-75.161343		f	f	f	f	f	f	f										2026-02-15 15:02:53.941117-05	2026-02-23 13:30:00.817105-05	1	f	Imported from NCES via unitid match.	St Lawrence University	nces_arcgis	https://nces.ed.gov/opengis/rest/services/Postsecondary_School_Locations/EDGE_GEOCODE_POSTSECONDARYSCH_2223/MapServer/0	geocoded	2026-02-23 13:35:09.651161-05	St Lawrence University	2022-2023	195216	active	7	unknown	unknown	Town: Remote
202	University of Utah	FALSE	Club	\N	\N	utahcyclingteam@gmail.com	1997-10-15	\N					201 Presidents' Cir	Salt Lake City	UT	84112	201 Presidents' Cir, Salt Lake City, UT 84112	40.7649368,-111.8421021	40.7649368	-111.8421021		f	t	t	t	t	t	t										2026-02-15 15:02:54.002175-05	2026-02-24 13:28:26.286533-05	\N	f	No address candidates found via Nominatim.				geocoded	2026-02-18 15:44:01-05	University of Utah	2022-2023	230764	unknown	10	unknown	unknown	City: Midsize
114	Ohio State University	FALSE	Club	\N	\N	plourde.5@osu.edu	1995-01-28	\N					190 N. Oval Mall	Columbus	OH	43210	190 N. Oval Mall, Columbus, OH, 43210, USA	39.999324, -83.014853	39.999324	-83.014853		f	f	f	f	f	f	f										2026-02-15 15:02:53.814858-05	2026-02-23 13:30:00.761628-05	1	f	Imported from NCES via unitid match.	Ohio State University-Main Campus	nces_arcgis	https://nces.ed.gov/opengis/rest/services/Postsecondary_School_Locations/EDGE_GEOCODE_POSTSECONDARYSCH_2223/MapServer/0	geocoded	2026-02-23 13:35:10.080563-05	Ohio State University-Main Campus	2022-2023	204796	active	6	unknown	unknown	City: Large
154	IIndiana University of Pennsylvania	FALSE	Club	\N	\N	christopherpeltzer37@gmail.com	2018-12-31	\N					1011 South Dr 201 Sutton Hall	Indiana	PA	15705	1011 South Dr 201 Sutton Hall, Indiana, PA, 15705, USA	40.617531, -79.159332	40.617531	-79.159332		f	f	f	f	f	f	f										2026-02-15 15:02:53.899728-05	2026-02-23 13:30:00.791829-05	1	f	Imported from NCES via unitid match.	Indiana University of Pennsylvania-Main Campus	nces_arcgis	https://nces.ed.gov/opengis/rest/services/Postsecondary_School_Locations/EDGE_GEOCODE_POSTSECONDARYSCH_2223/MapServer/0	geocoded	2026-02-23 13:35:11.660921-05	Indiana University of Pennsylvania-Main Campus	2022-2023	213020	active	7	unknown	unknown	Town: Distant
73	Gamecock Cycling - USC	FALSE	Club	\N	\N	furlough@email.sc.edu	1997-02-12	\N					Columbia-Campus	Columbia	SC	29208	Columbia-Campus, Columbia, SC, 29208, USA	33.996788, -81.026935	33.996788	-81.026935		f	f	f	f	f	f	f										2026-02-15 15:02:53.729297-05	2026-02-23 13:30:00.720011-05	1	f	Imported from NCES via unitid match.	University of South Carolina-Columbia	nces_arcgis	https://nces.ed.gov/opengis/rest/services/Postsecondary_School_Locations/EDGE_GEOCODE_POSTSECONDARYSCH_2223/MapServer/0	geocoded	2026-02-23 13:35:11.734905-05	University of South Carolina-Columbia	2022-2023	218663	active	5	unknown	unknown	City: Midsize
81	Sewanee-The University of the South	FALSE	Club	\N	\N	jbenson@sewanee.edu	2005-05-19	\N					735 University Avenue	Sewanee	TN	37383	735 University Avenue, Sewanee, TN, 37383, USA	35.204719, -85.920179	35.204719	-85.920179		f	f	f	f	f	f	f										2026-02-15 15:02:53.745427-05	2026-02-23 13:30:00.737712-05	1	f	Imported from NCES via unitid match.	The University of the South	nces_arcgis	https://nces.ed.gov/opengis/rest/services/Postsecondary_School_Locations/EDGE_GEOCODE_POSTSECONDARYSCH_2223/MapServer/0	geocoded	2026-02-23 13:35:12.076593-05	The University of the South	2022-2023	221519	active	5	unknown	unknown	Rural: Distant
87	University of Alabama-Huntsville	FALSE	Club	\N	\N	slm0044@uah.edu	2004-02-04	\N					301 Sparkman Dr	Huntsville	AL	35899	301 Sparkman Dr, Huntsville, AL, 35899, USA	34.724557, -86.640449	34.724557	-86.640449		f	f	f	f	f	f	f										2026-02-15 15:02:53.757156-05	2026-02-15 15:02:53.75716-05	0.9230769230769231	f	Imported from NCES via fuzzy match.	University of Alabama in Huntsville	nces_arcgis	https://nces.ed.gov/opengis/rest/services/Postsecondary_School_Locations/EDGE_GEOCODE_POSTSECONDARYSCH_2223/MapServer/0	geocoded	2026-02-16 13:11:36.586819-05	University of Alabama in Huntsville	2022-2023	100706	active	5	unknown	unknown	City: Midsize
64	Auburn University	FALSE	Club	\N	\N	cycling.club@auburn.edu	1987-06-30	\N					M	Auburn	AL	36849	M, Auburn, AL, 36849, USA	32.599378, -85.488258	32.599378	-85.488258		t	t	t	t	t	t	t										2026-02-15 15:02:53.71001-05	2026-02-15 15:02:53.710015-05	0.9	t	Imported from NCES via exact_name match.	Auburn University	nces_arcgis	https://nces.ed.gov/opengis/rest/services/Postsecondary_School_Locations/EDGE_GEOCODE_POSTSECONDARYSCH_2223/MapServer/0	review	2026-02-16 13:11:36.635032-05	Auburn University	2022-2023	100858	active	5	unknown	unknown	City: Small
62	University of Montevallo	FALSE	Varsity	\N	\N	jseales1@Montevallo.edu	2022-12-31	\N					Station 6001	Montevallo	AL	35115	Station 6001, Montevallo, AL, 35115, USA	33.10625, -86.865099	33.10625	-86.865099		f	f	f	f	f	f	f										2026-02-15 15:02:53.706116-05	2026-02-15 15:02:53.706127-05	0.9	t	Imported from NCES via exact_name match.	University of Montevallo	nces_arcgis	https://nces.ed.gov/opengis/rest/services/Postsecondary_School_Locations/EDGE_GEOCODE_POSTSECONDARYSCH_2223/MapServer/0	review	2026-02-16 13:11:36.763542-05	University of Montevallo	2022-2023	101709	active	5	unknown	unknown	Suburb: Large
45	Embry Riddle Aeronautical University-Prescott	FALSE	Club	\N	\N	madler@erau.edu	2010-04-19	\N					3700 Willow Creek Road	Prescott	AZ	86301	3700 Willow Creek Road, Prescott, AZ, 86301, USA	34.616766, -112.449741	34.616766	-112.449741		f	f	f	f	f	f	f										2026-02-15 15:02:53.66902-05	2026-02-15 15:02:53.669025-05	0.9	t	Imported from NCES via exact_name match.	Embry-Riddle Aeronautical University-Prescott	nces_arcgis	https://nces.ed.gov/opengis/rest/services/Postsecondary_School_Locations/EDGE_GEOCODE_POSTSECONDARYSCH_2223/MapServer/0	review	2026-02-16 13:11:37.072871-05	Embry-Riddle Aeronautical University-Prescott	2022-2023	104586	active	4	unknown	unknown	Rural: Fringe
135	Wright State University	FALSE	Club	\N	\N	billy.willis@wright.edu	2019-01-28	\N					2728 Durant Ave	Berkeley	CA	94704	2728 Durant Ave, Berkeley, CA, 94704, USA	37.868221, -122.253168	37.868221	-122.253168		f	f	f	f	f	f	f										2026-02-15 15:02:53.860589-05	2026-02-15 15:02:53.860593-05	0.9	t	Imported from NCES via exact_name match.	The Wright Institute	nces_arcgis	https://nces.ed.gov/opengis/rest/services/Postsecondary_School_Locations/EDGE_GEOCODE_POSTSECONDARYSCH_2223/MapServer/0	review	2026-02-16 13:11:39.476802-05	Wright Institute (The) -	2022-2023	12601201	active	6	unknown	unknown	City: Midsize
49	Northern Arizona University	FALSE	Club	\N	\N	lippertjake2@gmail.com	1994-02-01	\N					1900 S Knoles Dr, Babbitt Administrative Center, Room 200	Flagstaff	AZ	86011	1900 S Knoles Dr, Babbitt Administrative Center, Room 200, Flagstaff, AZ, 86011, USA	35.188449, -111.653724	35.188449	-111.653724		f	f	f	f	f	f	f										2026-02-15 15:02:53.677855-05	2026-02-15 15:02:53.67786-05	0.9	t	Imported from NCES via exact_name match.	Northern Arizona University	nces_arcgis	https://nces.ed.gov/opengis/rest/services/Postsecondary_School_Locations/EDGE_GEOCODE_POSTSECONDARYSCH_2223/MapServer/0	review	2026-02-16 13:11:37.118897-05	Northern Arizona University	2022-2023	105330	active	4	unknown	unknown	City: Small
51	Prescott College	FALSE	Club	\N	\N	cycling@prescott.edu	2018-12-31	\N					220 Grove Ave	Prescott	AZ	86301	220 Grove Ave, Prescott, AZ, 86301, USA	34.5452, -112.477185	34.5452	-112.477185		f	f	f	f	f	f	f										2026-02-15 15:02:53.681857-05	2026-02-15 15:02:53.681862-05	0.9	t	Imported from NCES via exact_name match.	Prescott College	nces_arcgis	https://nces.ed.gov/opengis/rest/services/Postsecondary_School_Locations/EDGE_GEOCODE_POSTSECONDARYSCH_2223/MapServer/0	review	2026-02-16 13:11:37.146408-05	Prescott College	2022-2023	105589	active	4	unknown	unknown	City: Small
239	Lyon College	FALSE	Club	\N	\N	carson.grant@lyon.edu	2019-01-15	\N					2300 Highland Road	Batesville	AR	72501	2300 Highland Road, Batesville, AR, 72501, USA	35.777619, -91.625354	35.777619	-91.625354		f	f	f	f	f	f	f										2026-02-15 15:02:54.084026-05	2026-02-15 15:02:54.084031-05	0.9	t	Imported from NCES via exact_name match.	Lyon College	nces_arcgis	https://nces.ed.gov/opengis/rest/services/Postsecondary_School_Locations/EDGE_GEOCODE_POSTSECONDARYSCH_2223/MapServer/0	review	2026-02-16 13:11:37.220214-05	Lyon College	2022-2023	106342	active	1	unknown	unknown	Town: Remote
41	University of Northern Colorado	FALSE	Club	\N	\N	brett.ford@unco.edu	1997-01-28	\N					Carter Hall - Rm 4000	Greeley	CO	80639	Carter Hall - Rm 4000, Greeley, CO, 80639, USA	40.410855, -104.692777	40.410855	-104.692777		f	f	f	f	f	f	f										2026-02-15 15:02:53.661072-05	2026-02-23 12:31:30.07152-05	0.9	t	Imported from NCES via exact_name match.	University of Northern Colorado	nces_arcgis	https://nces.ed.gov/opengis/rest/services/Postsecondary_School_Locations/EDGE_GEOCODE_POSTSECONDARYSCH_2223/MapServer/0	geocoded	2026-02-16 13:11:39-05	University of Northern Colorado	2022-2023	127741	active	2	unknown	unknown	City: Midsize
30	Colorado Christian University	FALSE	Club	\N	\N		2013-03-05	\N					8787 West Alameda Avenue	Lakewood	CO	80226	8787 West Alameda Avenue, Lakewood, CO, 80226, USA	39.71388, -105.09456	39.71388	-105.09456		f	f	f	f	f	f	f										2026-02-15 15:02:53.639781-05	2026-02-15 15:02:53.639791-05	0.9	t	Imported from NCES via exact_name match.	Colorado Christian University	nces_arcgis	https://nces.ed.gov/opengis/rest/services/Postsecondary_School_Locations/EDGE_GEOCODE_POSTSECONDARYSCH_2223/MapServer/0	review	2026-02-16 13:11:39.509278-05	Colorado Christian University	2022-2023	126669	active	2	unknown	unknown	City: Midsize
82	Stetson University	FALSE	Club	\N	\N	Tpotter1@stetson.edu	2018-12-31	\N					421 N Woodland Blvd	DeLand	FL	32723	421 N Woodland Blvd, DeLand, FL, 32723, USA	29.035475, -81.300746	29.035475	-81.300746		f	f	f	f	f	f	f										2026-02-15 15:02:53.7476-05	2026-02-15 15:02:53.747605-05	0.9	t	Imported from NCES via exact_name match.	Stetson University	nces_arcgis	https://nces.ed.gov/opengis/rest/services/Postsecondary_School_Locations/EDGE_GEOCODE_POSTSECONDARYSCH_2223/MapServer/0	review	2026-02-16 13:11:40.576032-05	Stetson University	2022-2023	137546	active	5	unknown	unknown	City: Small
243	Texas A & M University	FALSE	Club	\N	\N	tamucycling@gmail.com	1983-01-01	\N					1246 TAMU	College Station	TX	77843	1246 TAMU, College Station, TX, 77843, USA	30.618726, -96.336475	30.618726	-96.336475		f	f	f	f	f	f	f										2026-02-15 15:02:54.092951-05	2026-02-23 13:30:00.89524-05	1	f	Imported from NCES via unitid match.	Texas A & M University-College Station	nces_arcgis	https://nces.ed.gov/opengis/rest/services/Postsecondary_School_Locations/EDGE_GEOCODE_POSTSECONDARYSCH_2223/MapServer/0	geocoded	2026-02-23 13:35:12.155483-05	Texas A & M University-College Station	2022-2023	228723	active	1	unknown	unknown	City: Midsize
24	Wake Forest University	FALSE	Club	\N	\N	jonfoxh@gmail.com	1995-02-07	\N					1834 Wake Forest Rd	Winston-Salem	NC	27109	1834 Wake Forest Rd, Winston-Salem, NC 27109	36.1354929,-80.2841596	36.1354929	-80.2841596		f	f	f	f	f	f	f		https://www.instagram.com/wfu.cycling/	https://www.facebook.com/wfubike/							2026-02-15 15:02:53.627325-05	2026-02-23 14:54:36.3534-05	0.9090909090909091	t	Imported from NCES via fuzzy match.	Lake Forest College	nces_arcgis	https://nces.ed.gov/opengis/rest/services/Postsecondary_School_Locations/EDGE_GEOCODE_POSTSECONDARYSCH_2223/MapServer/0	geocoded	2026-02-16 13:11:42-05	Wake Forest University	2022-2023	199847	active	3	unknown	unknown	City: Midsize
109	Missouri University of Science and Technology	FALSE	Club	\N	\N		2003-10-07	\N					300 W.13th Street	Rolla	MO	65409	300 W.13th Street, Rolla, MO, 65409, USA	37.953426, -91.775583	37.953426	-91.775583		f	f	f	f	f	f	f										2026-02-15 15:02:53.804248-05	2026-02-15 15:02:53.804252-05	0.9	t	Imported from NCES via exact_name match.	Missouri University of Science and Technology	nces_arcgis	https://nces.ed.gov/opengis/rest/services/Postsecondary_School_Locations/EDGE_GEOCODE_POSTSECONDARYSCH_2223/MapServer/0	review	2026-02-16 13:11:48.969154-05	Missouri University of Science and Technology	2022-2023	178411	active	6	unknown	unknown	Town: Remote
132	Washington University in St Louis	FALSE	Club	\N	\N	scurtis@wustl.edu	2008-03-17	\N					One Brookings Drive	Saint Louis	MO	63130	One Brookings Drive, Saint Louis, MO, 63130, USA	38.647929, -90.310604	38.647929	-90.310604		f	f	f	f	f	f	f										2026-02-15 15:02:53.853981-05	2026-02-15 15:02:53.853988-05	0.9	t	Imported from NCES via exact_name match.	Washington University in St Louis	nces_arcgis	https://nces.ed.gov/opengis/rest/services/Postsecondary_School_Locations/EDGE_GEOCODE_POSTSECONDARYSCH_2223/MapServer/0	review	2026-02-16 13:11:49.139899-05	Washington University in St Louis	2022-2023	179867	active	6	unknown	unknown	Suburb: Large
54	Belmont Abbey College	FALSE	Varsity	\N	\N	derekdalzell@bac.edu	2015-10-14	\N					100 Belmont-Mt Holly Road	Belmont	NC	28012	100 Belmont-Mt Holly Road, Belmont, NC, 28012, USA	35.260651, -81.041315	35.260651	-81.041315		f	f	f	f	f	f	f										2026-02-15 15:02:53.688596-05	2026-02-15 15:02:53.688605-05	0.9	t	Imported from NCES via exact_name match.	Belmont Abbey College	nces_arcgis	https://nces.ed.gov/opengis/rest/services/Postsecondary_School_Locations/EDGE_GEOCODE_POSTSECONDARYSCH_2223/MapServer/0	review	2026-02-16 13:11:51.92589-05	Belmont Abbey College	2022-2023	197984	active	5	unknown	unknown	Suburb: Midsize
176	Shippensburg University of Pennsylvania	FALSE	Club	\N	\N	nathan.goates@gmail.com	1996-11-26	\N					1871 Old Main Drive	Shippensburg	PA	17257	1871 Old Main Drive, Shippensburg, PA, 17257, USA	40.057933, -77.522335	40.057933	-77.522335		f	f	f	f	f	f	f										2026-02-15 15:02:53.944984-05	2026-02-15 15:02:53.944989-05	0.9	t	Imported from NCES via exact_name match.	Shippensburg University of Pennsylvania	nces_arcgis	https://nces.ed.gov/opengis/rest/services/Postsecondary_School_Locations/EDGE_GEOCODE_POSTSECONDARYSCH_2223/MapServer/0	review	2026-02-16 13:11:56.876218-05	Shippensburg University of Pennsylvania	2022-2023	216010	active	7	unknown	unknown	Town: Fringe
1	King University	TRUE	Varsity	\N	\N	awsparks@king.edu	2009-05-08	\N		 www.king.edu	https://www.kingtornado.com	https://www.kingtornado.com/sports/cycling	1350 King College Road	Bristol	TN	37620	1350 King College Road, Bristol, TN, 37620, USA	36.585309, -82.159421	36.585309	-82.159421		f	f	f	f	f	f	f										2026-02-15 15:02:53.572718-05	2026-02-15 15:02:53.572731-05	0.99	f	Imported from NCES via exact_state_name match.	King University	nces_arcgis	https://nces.ed.gov/opengis/rest/services/Postsecondary_School_Locations/EDGE_GEOCODE_POSTSECONDARYSCH_2223/MapServer/0	geocoded	2026-02-16 13:11:57.604845-05	King University	2022-2023	220516	active	3	unknown	unknown	City: Small
76	Georgia Southern University	FALSE	Club	\N	\N		1996-12-12	\N					1332 Southern Drive	Statesboro	GA	30460	1332 Southern Drive, Statesboro, GA, 30460, USA	32.426153, -81.784045	32.426153	-81.784045		f	f	f	f	f	f	f										2026-02-15 15:02:53.735819-05	2026-02-15 15:02:53.735823-05	0.9	t	Imported from NCES via exact_name match.	Georgia Southern University	nces_arcgis	https://nces.ed.gov/opengis/rest/services/Postsecondary_School_Locations/EDGE_GEOCODE_POSTSECONDARYSCH_2223/MapServer/0	review	2026-02-16 13:11:40.919031-05	Georgia Southern University	2022-2023	139931	active	5	unknown	unknown	Town: Distant
13	North Carolina State University at Raleigh	FALSE	Club	\N	\N	clubcyclingncsu@gmail.com	1994-03-15	\N					2101 Hillsborough Street	Raleigh	NC	27695	2101 Hillsborough Street, Raleigh, NC, 27695, USA	35.785111, -78.674517	35.785111	-78.674517		f	f	f	f	f	f	f										2026-02-15 15:02:53.602718-05	2026-02-15 15:02:53.602722-05	0.9	t	Imported from NCES via exact_name match.	North Carolina State University at Raleigh	nces_arcgis	https://nces.ed.gov/opengis/rest/services/Postsecondary_School_Locations/EDGE_GEOCODE_POSTSECONDARYSCH_2223/MapServer/0	review	2026-02-16 13:11:52.228592-05	North Carolina State University at Raleigh	2022-2023	199193	active	3	unknown	unknown	City: Large
65	Belhaven University	FALSE	Club	\N	\N	lrrobinson@belhaven.edu	2018-12-31	\N					1500 Peachtree St	Jackson	MS	39202	1500 Peachtree St, Jackson, MS, 39202, USA	32.318415, -90.169228	32.318415	-90.169228		f	f	f	f	f	f	f										2026-02-15 15:02:53.712479-05	2026-02-15 15:02:53.712484-05	0.9	t	Imported from NCES via exact_name match.	Belhaven University	nces_arcgis	https://nces.ed.gov/opengis/rest/services/Postsecondary_School_Locations/EDGE_GEOCODE_POSTSECONDARYSCH_2223/MapServer/0	review	2026-02-16 13:11:47.035647-05	Belhaven University	2022-2023	175421	active	5	unknown	unknown	City: Midsize
4	Appalachian State University	FALSE	Club	\N	\N	appstatecycling@gmail.com	1996-10-03	\N		 www.appstate.edu			287 Rivers St	Boone	NC	28608	287 Rivers St, Boone, NC, 28608, USA	36.215536, -81.680583	36.215536	-81.680583		f	f	f	f	f	f	f										2026-02-15 15:02:53.582971-05	2026-02-15 15:02:53.582976-05	0.9	t	Imported from NCES via exact_name match.	Appalachian State University	nces_arcgis	https://nces.ed.gov/opengis/rest/services/Postsecondary_School_Locations/EDGE_GEOCODE_POSTSECONDARYSCH_2223/MapServer/0	review	2026-02-16 13:11:51.908466-05	Appalachian State University	2022-2023	197869	active	3	unknown	unknown	Town: Distant
68	East Tennessee State University	FALSE	Club	\N	\N	gebertt@mail.etsu.edu	1994-02-14	\N					1276 Gilbreath Drive	Johnson City	TN	37614	1276 Gilbreath Drive, Johnson City, TN, 37614, USA	36.301643, -82.366954	36.301643	-82.366954		f	f	f	f	f	f	f										2026-02-15 15:02:53.719329-05	2026-02-15 15:02:53.719334-05	0.9	t	Imported from NCES via exact_name match.	East Tennessee State University	nces_arcgis	https://nces.ed.gov/opengis/rest/services/Postsecondary_School_Locations/EDGE_GEOCODE_POSTSECONDARYSCH_2223/MapServer/0	review	2026-02-16 13:11:57.602823-05	Southwest Tennessee Community College	2022-2023	221485	active	5	unknown	unknown	City: Large
29	Adams State University	FALSE	Club	\N	\N	durancycles@aol.com	2012-02-16	\N					208 Edgemont Blvd	Alamosa	CO	81101	208 Edgemont Blvd, Alamosa, CO, 81101, USA	37.473636, -105.879642	37.473636	-105.879642		f	f	f	f	f	f	f										2026-02-15 15:02:53.637474-05	2026-02-15 15:02:53.63748-05	0.9	t	Imported from NCES via exact_name match.	Adams State University	nces_arcgis	https://nces.ed.gov/opengis/rest/services/Postsecondary_School_Locations/EDGE_GEOCODE_POSTSECONDARYSCH_2223/MapServer/0	review	2026-02-16 13:11:39.505369-05	Adams State University	2022-2023	126182	active	2	unknown	unknown	Town: Remote
236	Abilene Christian University	FALSE	Club	\N	\N	tnr15b@acu.edu	2018-12-31	\N					M	Abilene	TX	79699	M, Abilene, TX, 79699, USA	32.468943, -99.709797	32.468943	-99.709797		f	f	f	f	f	f	f										2026-02-15 15:02:54.077181-05	2026-02-15 15:02:54.077186-05	0.9	t	Imported from NCES via exact_name match.	Abilene Christian University	nces_arcgis	https://nces.ed.gov/opengis/rest/services/Postsecondary_School_Locations/EDGE_GEOCODE_POSTSECONDARYSCH_2223/MapServer/0	review	2026-02-16 13:11:57.631114-05	Abilene Christian University	2022-2023	222178	active	1	unknown	unknown	City: Midsize
146	Clarkson University	FALSE	Club	\N	\N	gilreikm@clarkson.edu	2005-09-28	\N					8 Clarkson Ave	Potsdam	NY	13699	8 Clarkson Ave, Potsdam, NY 13699	44.6659236,-74.995149	44.6659236	-74.995149		f	t	t	t	t	t	f										2026-02-15 15:02:53.883462-05	2026-02-16 14:34:41.731191-05	0.9	t	Imported from NCES via exact_name match.	Clarkson College	nces_arcgis	https://nces.ed.gov/opengis/rest/services/Postsecondary_School_Locations/EDGE_GEOCODE_POSTSECONDARYSCH_2223/MapServer/0	review	2026-02-16 13:11:49-05	Clarkson University	2022-2023	190044	active	7	unknown	unknown	Town: Remote
98	Butler University	FALSE	Club	\N	\N	hhuelsma@butler.edu	2018-12-31	\N					4600 Sunset Ave	Indianapolis	IN	46208	4600 Sunset Ave, Indianapolis, IN, 46208, USA	39.8374, -86.172167	39.8374	-86.172167		f	f	f	f	f	f	f										2026-02-15 15:02:53.781065-05	2026-02-15 15:02:53.78107-05	0.9	t	Imported from NCES via exact_name match.	Butler University	nces_arcgis	https://nces.ed.gov/opengis/rest/services/Postsecondary_School_Locations/EDGE_GEOCODE_POSTSECONDARYSCH_2223/MapServer/0	review	2026-02-16 13:11:43.218373-05	Butler Community College	2022-2023	154800	active	6	unknown	unknown	Town: Distant
3	American University	FALSE	Club	\N	\N	dwaynew@american.edu	1994-03-21	\N		www.american.edu			4400 Massachusetts Ave NW	Washington	DC	20016	4400 Massachusetts Ave NW, Washington, DC, 20016, USA	38.936005, -77.088875	38.936005	-77.088875		f	f	f	f	f	f	f										2026-02-15 15:02:53.580517-05	2026-02-15 15:02:53.580521-05	0.9	t	Imported from NCES via exact_name match.	American University	nces_arcgis	https://nces.ed.gov/opengis/rest/services/Postsecondary_School_Locations/EDGE_GEOCODE_POSTSECONDARYSCH_2223/MapServer/0	review	2026-02-16 13:11:39.881518-05	American Institute	2022-2023	18409201	active	3	unknown	unknown	Suburb: Large
216	Boise State University	FALSE	Club	\N	\N	jaredcox@boisestate.edu	2005-11-07	\N					1910 University Dr	Boise	ID	83725	1910 University Dr, Boise, ID, 83725, USA	43.604284, -116.203301	43.604284	-116.203301		f	f	f	f	f	f	f										2026-02-15 15:02:54.032259-05	2026-02-15 15:02:54.032264-05	0.9	t	Imported from NCES via exact_name match.	Boise State University	nces_arcgis	https://nces.ed.gov/opengis/rest/services/Postsecondary_School_Locations/EDGE_GEOCODE_POSTSECONDARYSCH_2223/MapServer/0	review	2026-02-16 13:11:41.153461-05	Boise State University	2022-2023	142115	active	8	unknown	unknown	City: Midsize
97	Ball State University	FALSE	Club	\N	\N	cycling@bsu.edu	1994-02-17	\N					2000 W. University Ave	Muncie	IN	47306	2000 W. University Ave, Muncie, IN, 47306, USA	40.203431, -85.409043	40.203431	-85.409043		f	f	f	f	f	f	f										2026-02-15 15:02:53.77893-05	2026-02-15 15:02:53.778935-05	0.9	t	Imported from NCES via exact_name match.	Ball State University	nces_arcgis	https://nces.ed.gov/opengis/rest/services/Postsecondary_School_Locations/EDGE_GEOCODE_POSTSECONDARYSCH_2223/MapServer/0	review	2026-02-16 13:11:43.213518-05	Ball State University	2022-2023	150136	active	6	unknown	unknown	City: Small
137	Bates College	FALSE	Club	\N	\N	slehmann@bates.edu	2003-03-07	\N					2 Andrews Road	Lewiston	ME	04240	2 Andrews Road, Lewiston, ME, 04240, USA	44.105299, -70.203333	44.105299	-70.203333		f	f	f	f	f	f	f										2026-02-15 15:02:53.864805-05	2026-02-15 15:02:53.86481-05	0.9	t	Imported from NCES via exact_name match.	Bates College	nces_arcgis	https://nces.ed.gov/opengis/rest/services/Postsecondary_School_Locations/EDGE_GEOCODE_POSTSECONDARYSCH_2223/MapServer/0	review	2026-02-16 13:11:45.016144-05	Bates College	2022-2023	160977	active	7	unknown	unknown	City: Small
140	Bowdoin College	FALSE	Club	\N	\N	nhintze@bowdoin.edu	2002-03-06	\N					255 Maine Street	Brunswick	ME	04011	255 Maine Street, Brunswick, ME, 04011, USA	43.907134, -69.963942	43.907134	-69.963942		f	f	f	f	f	f	f										2026-02-15 15:02:53.870852-05	2026-02-15 15:02:53.870858-05	0.9	t	Imported from NCES via exact_name match.	Bowdoin College	nces_arcgis	https://nces.ed.gov/opengis/rest/services/Postsecondary_School_Locations/EDGE_GEOCODE_POSTSECONDARYSCH_2223/MapServer/0	review	2026-02-16 13:11:45.024105-05	Bowdoin College	2022-2023	161004	active	7	unknown	unknown	Town: Fringe
141	Brandeis University	FALSE	Club	\N	\N	djenesky@brandeis.edu	2002-03-06	\N					415 South St	Waltham	MA	02454	415 South St, Waltham, MA, 02454, USA	42.365727, -71.260155	42.365727	-71.260155		f	f	f	f	f	f	f										2026-02-15 15:02:53.872937-05	2026-02-15 15:02:53.872942-05	0.9	t	Imported from NCES via exact_name match.	Brandeis University	nces_arcgis	https://nces.ed.gov/opengis/rest/services/Postsecondary_School_Locations/EDGE_GEOCODE_POSTSECONDARYSCH_2223/MapServer/0	review	2026-02-16 13:11:45.470108-05	Brandeis University	2022-2023	165015	active	7	unknown	unknown	City: Small
136	Bard College	FALSE	Club	\N	\N	cooper@bard.edu	2005-12-02	\N					Annandale Road	Annandale-On-Hudson	NY	12504	Annandale Road, Annandale-On-Hudson, NY, 12504, USA	42.020386, -73.909927	42.020386	-73.909927		f	f	f	f	f	f	f										2026-02-15 15:02:53.862627-05	2026-02-15 15:02:53.862632-05	0.9	t	Imported from NCES via exact_name match.	Bard College	nces_arcgis	https://nces.ed.gov/opengis/rest/services/Postsecondary_School_Locations/EDGE_GEOCODE_POSTSECONDARYSCH_2223/MapServer/0	review	2026-02-16 13:11:50.359449-05	Bard College	2022-2023	189088	active	7	unknown	unknown	Town: Fringe
55	Brevard College	TRUE	Varsity	\N	\N	perleybs@brevard.edu	1997-02-04	\N					One Brevard College Drive	Brevard	NC	28712	One Brevard College Drive, Brevard, NC, 28712, USA	35.236763, -82.729494	35.236763	-82.729494		f	f	f	f	f	f	f										2026-02-15 15:02:53.691308-05	2026-02-15 15:02:53.691313-05	0.9	t	Imported from NCES via exact_name match.	Brevard College	nces_arcgis	https://nces.ed.gov/opengis/rest/services/Postsecondary_School_Locations/EDGE_GEOCODE_POSTSECONDARYSCH_2223/MapServer/0	review	2026-02-16 13:11:51.938581-05	Brevard College	2022-2023	198066	active	5	unknown	unknown	Town: Fringe
143	Bucknell University	FALSE	Club	\N	\N	kelandis@bucknell.edu	1999-02-12	\N					One Dent Drive	Lewisburg	PA	17837	One Dent Drive, Lewisburg, PA, 17837, USA	40.954317, -76.882616	40.954317	-76.882616		f	f	f	f	f	f	f										2026-02-15 15:02:53.876952-05	2026-02-15 15:02:53.876958-05	0.9	t	Imported from NCES via exact_name match.	Bucknell University	nces_arcgis	https://nces.ed.gov/opengis/rest/services/Postsecondary_School_Locations/EDGE_GEOCODE_POSTSECONDARYSCH_2223/MapServer/0	review	2026-02-16 13:11:55.877185-05	Bucknell University	2022-2023	211291	active	7	unknown	unknown	Town: Distant
142	Brown University	FALSE	Club	\N	\N	browncycling@gmail.com	1996-01-30	\N					One Prospect Street	Providence	RI	02912	One Prospect Street, Providence, RI, 02912, USA	41.82617, -71.40385	41.82617	-71.40385		f	f	f	f	f	f	f										2026-02-15 15:02:53.874978-05	2026-02-15 15:02:53.874983-05	0.9	t	Imported from NCES via exact_name match.	Brown University	nces_arcgis	https://nces.ed.gov/opengis/rest/services/Postsecondary_School_Locations/EDGE_GEOCODE_POSTSECONDARYSCH_2223/MapServer/0	review	2026-02-16 13:11:57.102606-05	Brown University	2022-2023	217156	active	7	unknown	unknown	City: Midsize
237	Baylor University	FALSE	Club	\N	\N	anatalia_ashcroft@baylor.edu	1997-11-13	\N					M	Waco	TX	76798	M, Waco, TX, 76798, USA	31.546872, -97.121041	31.546872	-97.121041		f	f	f	f	f	f	f										2026-02-15 15:02:54.079285-05	2026-02-16 13:31:04.006816-05	0.9	t	Imported from NCES via exact_name match.	Baylor University	nces_arcgis	https://nces.ed.gov/opengis/rest/services/Postsecondary_School_Locations/EDGE_GEOCODE_POSTSECONDARYSCH_2223/MapServer/0	geocoded	2026-02-16 13:11:57-05	Baylor University	2022-2023	223232	active	1	unknown	unknown	City: Midsize
147	Colby College	FALSE	Club	\N	\N	talomax@colby.edu	1994-01-06	\N					1255 S Range	Colby	KS	67701	1255 S Range, Colby, KS, 67701, USA	39.377601, -101.052744	39.377601	-101.052744		f	f	f	f	f	f	f										2026-02-15 15:02:53.885405-05	2026-02-15 15:02:53.885409-05	0.9	t	Imported from NCES via exact_name match.	Colby Community College	nces_arcgis	https://nces.ed.gov/opengis/rest/services/Postsecondary_School_Locations/EDGE_GEOCODE_POSTSECONDARYSCH_2223/MapServer/0	review	2026-02-16 13:11:44.05349-05	Colby College	2022-2023	161086	active	7	unknown	unknown	Town: Remote
67	Clinton College	FALSE	Club	\N	\N	aduncan@clintoncollege.edu	2020-09-30	\N					136 Clinton Point Dr.	Plattsburgh	NY	12901	136 Clinton Point Dr., Plattsburgh, NY, 12901, USA	44.64841, -73.439739	44.64841	-73.439739		f	f	f	f	f	f	f										2026-02-15 15:02:53.717342-05	2026-02-15 15:02:53.717349-05	0.9	t	Imported from NCES via exact_name match.	Clinton Community College	nces_arcgis	https://nces.ed.gov/opengis/rest/services/Postsecondary_School_Locations/EDGE_GEOCODE_POSTSECONDARYSCH_2223/MapServer/0	review	2026-02-16 13:11:50.63288-05	Clinton College	2022-2023	217891	active	5	unknown	unknown	City: Small
26	Colorado Mesa University	FALSE	Varsity	\N	\N		1999-03-15	\N					1100 North Avenue	Grand Junction	CO	81501	1100 North Avenue, Grand Junction, CO, 81501, USA	39.080643, -108.553275	39.080643	-108.553275		f	f	f	f	f	f	f										2026-02-15 15:02:53.631561-05	2026-02-15 15:02:53.631565-05	0.9	t	Imported from NCES via exact_name match.	Colorado Mesa University	nces_arcgis	https://nces.ed.gov/opengis/rest/services/Postsecondary_School_Locations/EDGE_GEOCODE_POSTSECONDARYSCH_2223/MapServer/0	review	2026-02-16 13:11:39.528521-05	Colorado Media School	2022-2023	443632	active	2	unknown	unknown	City: Large
32	Colorado Mountain College	TRUE	Club	\N	\N	0	2018-12-31	\N		https://coloradomtn.edu/	https://coloradomtn.edu/athletics/	https://cmceagles.com/cycling-club/	802 Grand Ave.	Glenwood Springs	CO	81601	802 Grand Ave., Glenwood Springs, CO, 81601, USA	39.54636, -107.324441	39.54636	-107.324441		f	f	f	f	f	f	f		https://www.instagram.com/coloradomtncollege/								2026-02-15 15:02:53.643867-05	2026-02-15 15:02:53.643871-05	0.99	f	Imported from NCES via exact_state_name match.	Colorado Mountain College	nces_arcgis	https://nces.ed.gov/opengis/rest/services/Postsecondary_School_Locations/EDGE_GEOCODE_POSTSECONDARYSCH_2223/MapServer/0	geocoded	2026-02-16 13:11:39.510311-05	Colorado Mountain College	2022-2023	126711	active	2	unknown	unknown	Town: Remote
33	Colorado School of Mines	FALSE	Club	\N	\N	club-cycling@mines.edu	2002-05-09	\N					1500 Illinois St	Golden	CO	80401	1500 Illinois St, Golden, CO, 80401, USA	39.751443, -105.223364	39.751443	-105.223364		f	f	f	f	f	f	f										2026-02-15 15:02:53.645972-05	2026-02-15 15:02:53.645976-05	0.9	t	Imported from NCES via exact_name match.	Colorado School of Mines	nces_arcgis	https://nces.ed.gov/opengis/rest/services/Postsecondary_School_Locations/EDGE_GEOCODE_POSTSECONDARYSCH_2223/MapServer/0	review	2026-02-16 13:11:39.511134-05	Colorado School of Mines	2022-2023	126775	active	2	unknown	unknown	Suburb: Large
99	Calvin College	FALSE	Club	\N	\N	djh38@students.calvin.edu	2018-12-31	\N					3201 Burton Street SE	Grand Rapids	MI	49546	3201 Burton Street SE, Grand Rapids, MI, 49546, USA	42.929916, -85.587548	42.929916	-85.587548		f	f	f	f	f	f	f										2026-02-15 15:02:53.783514-05	2026-02-15 15:02:53.783519-05	0.9	t	Imported from NCES via exact_name match.	Calvin University	nces_arcgis	https://nces.ed.gov/opengis/rest/services/Postsecondary_School_Locations/EDGE_GEOCODE_POSTSECONDARYSCH_2223/MapServer/0	review	2026-02-16 13:11:45.995136-05	Calvin University	2022-2023	169080	active	6	unknown	unknown	City: Midsize
150	Dartmouth College	FALSE	Club	\N	\N	heather.b.Somers@dartmouth.edu	1994-02-16	\N					207 Parkhurst Hall	Hanover	NH	03755	207 Parkhurst Hall, Hanover, NH, 03755, USA	43.704115, -72.289949	43.704115	-72.289949		f	f	f	f	f	f	f										2026-02-15 15:02:53.891523-05	2026-02-15 15:02:53.891527-05	0.9	t	Imported from NCES via exact_name match.	Dartmouth College	nces_arcgis	https://nces.ed.gov/opengis/rest/services/Postsecondary_School_Locations/EDGE_GEOCODE_POSTSECONDARYSCH_2223/MapServer/0	review	2026-02-16 13:11:49.507217-05	Dartmouth College	2022-2023	182670	active	7	unknown	unknown	Town: Remote
100	Case Western Reserve University	FALSE	Club	\N	\N	clubsports@case.edu	1999-02-10	\N					10900 Euclid Ave	Cleveland	OH	44106	10900 Euclid Ave, Cleveland, OH, 44106, USA	41.507419, -81.609596	41.507419	-81.609596		f	f	f	f	f	f	f										2026-02-15 15:02:53.785571-05	2026-02-15 15:02:53.785576-05	0.9	t	Imported from NCES via exact_name match.	Case Western Reserve University	nces_arcgis	https://nces.ed.gov/opengis/rest/services/Postsecondary_School_Locations/EDGE_GEOCODE_POSTSECONDARYSCH_2223/MapServer/0	review	2026-02-16 13:11:52.686517-05	Case Western Reserve University	2022-2023	201645	active	6	unknown	unknown	City: Large
144	Carnegie Mellon University	FALSE	Club	\N	\N	sdunniso@andrew.cmu.edu	1994-02-16	\N					5000 Forbes Avenue	Pittsburgh	PA	15213	5000 Forbes Avenue, Pittsburgh, PA, 15213, USA	40.44357, -79.941993	40.44357	-79.941993		f	f	f	f	f	f	f										2026-02-15 15:02:53.879044-05	2026-02-15 15:02:53.87905-05	0.9	t	Imported from NCES via exact_name match.	Carnegie Mellon University	nces_arcgis	https://nces.ed.gov/opengis/rest/services/Postsecondary_School_Locations/EDGE_GEOCODE_POSTSECONDARYSCH_2223/MapServer/0	review	2026-02-16 13:11:55.930965-05	Carnegie Mellon University	2022-2023	211440	active	7	unknown	unknown	City: Large
145	Castleton University	FALSE	Club	\N	\N	sec11160@castleton.edu	2013-08-27	\N					62 Alumni Dr	Castleton	VT	05735	62 Alumni Dr, Castleton, VT, 05735, USA	43.608397, -73.180842	43.608397	-73.180842		f	f	f	f	f	f	f										2026-02-15 15:02:53.881365-05	2026-02-15 15:02:53.88137-05	0.9	t	Imported from NCES via exact_name match.	Castleton University	nces_arcgis	https://nces.ed.gov/opengis/rest/services/Postsecondary_School_Locations/EDGE_GEOCODE_POSTSECONDARYSCH_2223/MapServer/0	review	2026-02-16 13:11:58.679392-05	Castleton University	2022-2023	230834	active	7	unknown	unknown	Town: Distant
5	College of William and Mary	FALSE	Club	\N	\N	rsclub@wm.edu	1998-12-14	\N		www.jmu.edu			200 Richmond Road	Williamsburg	VA	23187	200 Richmond Road, Williamsburg, VA, 23187, USA	37.269489, -76.708214	37.269489	-76.708214		f	f	f	f	f	f	f										2026-02-15 15:02:53.584958-05	2026-02-15 15:02:53.584963-05	0.9	t	Imported from NCES via exact_name match.	William & Mary	nces_arcgis	https://nces.ed.gov/opengis/rest/services/Postsecondary_School_Locations/EDGE_GEOCODE_POSTSECONDARYSCH_2223/MapServer/0	review	2026-02-16 13:11:58.747011-05	William & Mary	2022-2023	231624	active	3	unknown	unknown	Suburb: Small
217	Central Washington University	FALSE	Club	\N	\N	alex.lee@cwu.edu	2018-12-31	\N					400 East University Way	Ellensburg	WA	98926	400 East University Way, Ellensburg, WA, 98926, USA	47.002687, -120.538368	47.002687	-120.538368		f	f	f	f	f	f	f										2026-02-15 15:02:54.034424-05	2026-02-15 15:02:54.034429-05	0.9	t	Imported from NCES via exact_name match.	Central Washington University	nces_arcgis	https://nces.ed.gov/opengis/rest/services/Postsecondary_School_Locations/EDGE_GEOCODE_POSTSECONDARYSCH_2223/MapServer/0	review	2026-02-16 13:11:58.788107-05	Central Washington University	2022-2023	234827	active	8	unknown	unknown	Town: Distant
8	Georgetown University	FALSE	Club	\N	\N	spencerwalsh@gmail.com	2022-12-31	\N					37th and O St NW	Washington	DC	20057	37th and O St NW, Washington, DC, 20057, USA	38.908809, -77.073463	38.908809	-77.073463		f	f	f	f	f	f	f										2026-02-15 15:02:53.59185-05	2026-02-15 15:02:53.591854-05	0.9	t	Imported from NCES via exact_name match.	Georgetown University	nces_arcgis	https://nces.ed.gov/opengis/rest/services/Postsecondary_School_Locations/EDGE_GEOCODE_POSTSECONDARYSCH_2223/MapServer/0	review	2026-02-16 13:11:39.913742-05	Georgetown College	2022-2023	156745	active	3	unknown	unknown	Town: Fringe
27	Fort Lewis College	TRUE	Varsity	\N	\N	hagen_d@fortlewis.edu	1993-12-01	\N					1000 Rim Drive	Durango	CO	81301	1000 Rim Drive, Durango, CO, 81301, USA	37.275939, -107.867422	37.275939	-107.867422		f	f	f	f	f	f	f										2026-02-15 15:02:53.633507-05	2026-02-15 15:02:53.633511-05	0.99	f	Imported from NCES via exact_state_name match.	Fort Lewis College	nces_arcgis	https://nces.ed.gov/opengis/rest/services/Postsecondary_School_Locations/EDGE_GEOCODE_POSTSECONDARYSCH_2223/MapServer/0	geocoded	2026-02-16 13:11:39.526691-05	Fort Lewis College	2022-2023	127185	active	2	unknown	unknown	Town: Distant
69	Embry Riddle Aeronautical University-Daytona Beach	FALSE	Club	\N	\N	emckinnon1404@gmail.com	2009-09-21	\N					1 Aerospace Blvd.	Daytona Beach	FL	32114	1 Aerospace Blvd., Daytona Beach, FL, 32114, USA	29.189903, -81.048367	29.189903	-81.048367		f	f	f	f	f	f	f										2026-02-15 15:02:53.721227-05	2026-02-15 15:02:53.721235-05	0.9	t	Imported from NCES via exact_name match.	Embry-Riddle Aeronautical University-Daytona Beach	nces_arcgis	https://nces.ed.gov/opengis/rest/services/Postsecondary_School_Locations/EDGE_GEOCODE_POSTSECONDARYSCH_2223/MapServer/0	review	2026-02-16 13:11:40.040562-05	Embry-Riddle Aeronautical University-Daytona Beach	2022-2023	133553	active	5	unknown	unknown	City: Small
70	Emory University	FALSE	Club	\N	\N	emorycycletri@gmail.com	1993-12-08	\N					201 Dowman Drive	Atlanta	GA	30322	201 Dowman Drive, Atlanta, GA, 30322, USA	33.790183, -84.325512	33.790183	-84.325512		f	f	f	f	f	f	f										2026-02-15 15:02:53.723285-05	2026-02-15 15:02:53.723292-05	0.9	t	Imported from NCES via exact_name match.	Emory University	nces_arcgis	https://nces.ed.gov/opengis/rest/services/Postsecondary_School_Locations/EDGE_GEOCODE_POSTSECONDARYSCH_2223/MapServer/0	review	2026-02-16 13:11:40.891112-05	Emory University	2022-2023	139658	active	5	unknown	unknown	City: Large
74	Georgia Highlands College	FALSE	Club	\N	\N	jspranza@highlands.edu	2018-12-31	\N					3175 Cedartown Highway, S.E.	Rome	GA	30161	3175 Cedartown Highway, S.E., Rome, GA, 30161, USA	34.169791, -85.207356	34.169791	-85.207356		f	f	f	f	f	f	f										2026-02-15 15:02:53.731563-05	2026-02-15 15:02:53.731567-05	0.9	t	Imported from NCES via exact_name match.	Georgia Highlands College	nces_arcgis	https://nces.ed.gov/opengis/rest/services/Postsecondary_School_Locations/EDGE_GEOCODE_POSTSECONDARYSCH_2223/MapServer/0	review	2026-02-16 13:11:40.892542-05	Georgia Highlands College	2022-2023	139700	active	5	unknown	unknown	Rural: Fringe
101	DePaul University	FALSE	Club	\N	\N	depaulcycling@gmail.com	2018-12-31	\N					1 E Jackson Blvd	Chicago	IL	60604	1 E Jackson Blvd, Chicago, IL, 60604, USA	41.877618, -87.62724	41.877618	-87.62724		f	f	f	f	f	f	f										2026-02-15 15:02:53.78757-05	2026-02-15 15:02:53.787575-05	0.9	t	Imported from NCES via exact_name match.	DePaul University	nces_arcgis	https://nces.ed.gov/opengis/rest/services/Postsecondary_School_Locations/EDGE_GEOCODE_POSTSECONDARYSCH_2223/MapServer/0	review	2026-02-16 13:11:41.416119-05	DePaul University	2022-2023	144740	active	6	unknown	unknown	City: Large
102	DePauw University	FALSE	Club	\N	\N	kmenzel@depauw.edu	2018-12-31	\N					313 S Locust St	Greencastle	IN	46135	313 S Locust St, Greencastle, IN, 46135, USA	39.640904, -86.860363	39.640904	-86.860363		f	f	f	f	f	f	f										2026-02-15 15:02:53.789472-05	2026-02-15 15:02:53.789477-05	0.9	t	Imported from NCES via exact_name match.	DePauw University	nces_arcgis	https://nces.ed.gov/opengis/rest/services/Postsecondary_School_Locations/EDGE_GEOCODE_POSTSECONDARYSCH_2223/MapServer/0	review	2026-02-16 13:11:43.252117-05	DePauw University	2022-2023	150400	active	6	unknown	unknown	Town: Distant
6	Duke University	FALSE	Club	\N	\N	dukeuniversitycycling@gmail.com	1994-03-25	\N					103 Allen Bldg	Durham	NC	27708	103 Allen Bldg, Durham, NC, 27708, USA	36.001135, -78.937624	36.001135	-78.937624		f	f	f	f	f	f	f										2026-02-15 15:02:53.586773-05	2026-02-15 15:02:53.586777-05	0.9	t	Imported from NCES via exact_name match.	Duke University	nces_arcgis	https://nces.ed.gov/opengis/rest/services/Postsecondary_School_Locations/EDGE_GEOCODE_POSTSECONDARYSCH_2223/MapServer/0	review	2026-02-16 13:11:52.011359-05	Duke University	2022-2023	198419	active	3	unknown	unknown	City: Large
151	Drexel University	TRUE	Club	\N	\N	briheint@gmail.com	1996-06-11	\N					3141 Chestnut St	Philadelphia	PA	19104	3141 Chestnut St, Philadelphia, PA, 19104, USA	39.955217, -75.190051	39.955217	-75.190051		f	f	f	f	f	f	f										2026-02-15 15:02:53.893428-05	2026-02-15 15:02:53.893433-05	0.9	t	Imported from NCES via exact_name match.	Drexel University	nces_arcgis	https://nces.ed.gov/opengis/rest/services/Postsecondary_School_Locations/EDGE_GEOCODE_POSTSECONDARYSCH_2223/MapServer/0	review	2026-02-16 13:11:55.999082-05	Drexel University	2022-2023	212054	active	7	unknown	unknown	City: Large
72	Furman University	FALSE	Club	\N	\N	danielle.clark@furman.edu	2007-02-13	\N					3300 Poinsett Highway	Greenville	SC	29613	3300 Poinsett Highway, Greenville, SC, 29613, USA	34.924676, -82.440458	34.924676	-82.440458		f	f	f	f	f	f	f										2026-02-15 15:02:53.727143-05	2026-02-15 15:02:53.727147-05	0.9	t	Imported from NCES via exact_name match.	Furman University	nces_arcgis	https://nces.ed.gov/opengis/rest/services/Postsecondary_School_Locations/EDGE_GEOCODE_POSTSECONDARYSCH_2223/MapServer/0	review	2026-02-16 13:11:57.268304-05	Furman University	2022-2023	218070	active	5	unknown	unknown	Suburb: Large
7	George Mason University	FALSE	Club	\N	\N	masoncycling@gmail.com	2004-03-25	\N					4400 University Dr	Fairfax	VA	22030	4400 University Dr, Fairfax, VA, 22030, USA	38.83195, -77.307063	38.83195	-77.307063		f	f	f	f	f	f	f										2026-02-15 15:02:53.589051-05	2026-02-15 15:02:53.589064-05	0.9	t	Imported from NCES via exact_name match.	George Mason University	nces_arcgis	https://nces.ed.gov/opengis/rest/services/Postsecondary_School_Locations/EDGE_GEOCODE_POSTSECONDARYSCH_2223/MapServer/0	review	2026-02-16 13:11:58.748729-05	George Mason University	2022-2023	232186	active	3	unknown	unknown	Suburb: Large
218	Eastern Washington University	FALSE	Club	\N	\N	tallen16@ewu.edu	2011-02-17	\N					526 5th Street	Cheney	WA	99004	526 5th Street, Cheney, WA, 99004, USA	47.490667, -117.583808	47.490667	-117.583808		f	f	f	f	f	f	f										2026-02-15 15:02:54.036564-05	2026-02-15 15:02:54.036582-05	0.9	t	Imported from NCES via exact_name match.	Eastern Washington University	nces_arcgis	https://nces.ed.gov/opengis/rest/services/Postsecondary_School_Locations/EDGE_GEOCODE_POSTSECONDARYSCH_2223/MapServer/0	review	2026-02-16 13:11:58.829716-05	Eastern Washington University	2022-2023	235097	active	8	unknown	unknown	Town: Fringe
206	Lake Superior College	FALSE	Varsity	\N	\N	gregory.daw@lsc.edu	2016-09-30	\N					650 W Easterday Ave	Sault Ste Marie	MI	49783	650 W Easterday Ave, Sault Ste Marie, MI, 49783, USA	46.492849, -84.365573	46.492849	-84.365573		f	f	f	f	f	f	f										2026-02-15 15:02:54.01049-05	2026-02-15 15:02:54.010494-05	0.9	t	Imported from NCES via exact_name match.	Lake Superior State University	nces_arcgis	https://nces.ed.gov/opengis/rest/services/Postsecondary_School_Locations/EDGE_GEOCODE_POSTSECONDARYSCH_2223/MapServer/0	review	2026-02-16 13:11:46.270931-05	Lake Superior College	2022-2023	173461	active	9	unknown	unknown	City: Small
77	Georgia State University	FALSE	Club	\N	\N	zschneider1@gsu.edu	1993-12-08	\N					33 gilmer st	Atlanta	GA	30303	33 gilmer st, Atlanta, GA, 30303, USA	33.7527, -84.38667	33.7527	-84.38667		f	f	f	f	f	f	f										2026-02-15 15:02:53.737678-05	2026-02-23 13:30:00.731198-05	1	f	Imported from NCES via unitid match.	Georgia State University	nces_arcgis	https://nces.ed.gov/opengis/rest/services/Postsecondary_School_Locations/EDGE_GEOCODE_POSTSECONDARYSCH_2223/MapServer/0	geocoded	2026-02-23 13:35:06.669295-05	Georgia State University	2022-2023	139940	active	5	unknown	unknown	City: Large
207	Iowa State University	FALSE	Club	\N	\N	isucc@iastate.edu	2001-06-07	\N					1750 Beardshear Hall	Ames	IA	50011	1750 Beardshear Hall, Ames, IA, 50011, USA	42.026212, -93.648504	42.026212	-93.648504		f	f	f	f	f	f	f										2026-02-15 15:02:54.012509-05	2026-02-23 13:30:00.861304-05	1	f	Imported from NCES via unitid match.	Iowa State University	nces_arcgis	https://nces.ed.gov/opengis/rest/services/Postsecondary_School_Locations/EDGE_GEOCODE_POSTSECONDARYSCH_2223/MapServer/0	geocoded	2026-02-23 13:35:07.762733-05	Iowa State University	2022-2023	153603	active	9	unknown	unknown	City: Small
104	Indiana University-Bloomington	FALSE	Club	\N	\N	zasteven@iu.edu	1993-12-20	\N					107 South Indiana Ave.	Bloomington	IN	47405	107 South Indiana Ave., Bloomington, IN, 47405, USA	39.16609, -86.526559	39.16609	-86.526559		f	f	f	f	f	f	f										2026-02-15 15:02:53.793586-05	2026-02-15 15:02:53.793595-05	0.9	t	Imported from NCES via exact_name match.	Indiana University-Bloomington	nces_arcgis	https://nces.ed.gov/opengis/rest/services/Postsecondary_School_Locations/EDGE_GEOCODE_POSTSECONDARYSCH_2223/MapServer/0	review	2026-02-16 13:11:43.473887-05	Indiana University-Bloomington	2022-2023	151351	active	6	unknown	unknown	City: Small
10	Johns Hopkins University	FALSE	Club	\N	\N	johnshopkinscycling@gmail.com	1997-02-07	\N					3400 N Charles St	Baltimore	MD	21218	3400 N Charles St, Baltimore, MD, 21218, USA	39.328977, -76.621595	39.328977	-76.621595		f	f	f	f	f	f	f										2026-02-15 15:02:53.596492-05	2026-02-15 15:02:53.5965-05	0.9	t	Imported from NCES via exact_name match.	Johns Hopkins University	nces_arcgis	https://nces.ed.gov/opengis/rest/services/Postsecondary_School_Locations/EDGE_GEOCODE_POSTSECONDARYSCH_2223/MapServer/0	review	2026-02-16 13:11:45.257729-05	Johns Hopkins University	2022-2023	162928	active	3	unknown	unknown	City: Large
153	Harvard University	FALSE	Club	\N	\N	harvarducycling@gmail.com	1993-12-08	\N					Massachusetts Hall	Cambridge	MA	02138	Massachusetts Hall, Cambridge, MA, 02138, USA	42.374471, -71.118313	42.374471	-71.118313		f	f	f	f	f	f	f										2026-02-15 15:02:53.897657-05	2026-02-15 15:02:53.897663-05	0.9	t	Imported from NCES via exact_name match.	Harvard University	nces_arcgis	https://nces.ed.gov/opengis/rest/services/Postsecondary_School_Locations/EDGE_GEOCODE_POSTSECONDARYSCH_2223/MapServer/0	review	2026-02-16 13:11:45.60818-05	Harvard University	2022-2023	166027	active	7	unknown	unknown	City: Midsize
103	Hillsdale College	FALSE	Club	\N	\N	lpeirce@hillsdale.edu	2006-01-24	\N					33 E College St	Hillsdale	MI	49242	33 E College St, Hillsdale, MI, 49242, USA	41.933682, -84.633195	41.933682	-84.633195		f	f	f	f	f	f	f										2026-02-15 15:02:53.791366-05	2026-02-15 15:02:53.791371-05	0.9	t	Imported from NCES via exact_name match.	Hillsdale College	nces_arcgis	https://nces.ed.gov/opengis/rest/services/Postsecondary_School_Locations/EDGE_GEOCODE_POSTSECONDARYSCH_2223/MapServer/0	review	2026-02-16 13:11:46.236028-05	Hillsdale College	2022-2023	170286	active	6	unknown	unknown	Town: Distant
152	Hamilton College	FALSE	Club	\N	\N	pdicus@hamilton.edu	2022-12-31	\N					198 College Hill Rd	Clinton	NY	13323	198 College Hill Rd, Clinton, NY, 13323, USA	43.050245, -75.408195	43.050245	-75.408195		f	f	f	f	f	f	f										2026-02-15 15:02:53.895572-05	2026-02-15 15:02:53.895576-05	0.9	t	Imported from NCES via exact_name match.	Hamilton College	nces_arcgis	https://nces.ed.gov/opengis/rest/services/Postsecondary_School_Locations/EDGE_GEOCODE_POSTSECONDARYSCH_2223/MapServer/0	review	2026-02-16 13:11:50.920575-05	Hamilton College	2022-2023	191515	active	7	unknown	unknown	Suburb: Midsize
155	Juniata College	FALSE	Club	\N	\N	matter@juniata.edu	2022-12-31	\N					1700 Moore St	Huntingdon	PA	16652	1700 Moore St, Huntingdon, PA, 16652, USA	40.500523, -78.017292	40.500523	-78.017292		f	f	f	f	f	f	f										2026-02-15 15:02:53.901598-05	2026-02-15 15:02:53.901602-05	0.9	t	Imported from NCES via exact_name match.	Juniata College	nces_arcgis	https://nces.ed.gov/opengis/rest/services/Postsecondary_School_Locations/EDGE_GEOCODE_POSTSECONDARYSCH_2223/MapServer/0	review	2026-02-16 13:11:56.22351-05	Juniata College	2022-2023	213251	active	7	unknown	unknown	Town: Distant
156	Lafayette College	FALSE	Club	\N	\N		2021-02-11	\N					High St	Easton	PA	18042	High St, Easton, PA, 18042, USA	40.69956, -75.209786	40.69956	-75.209786		f	f	f	f	f	f	f										2026-02-15 15:02:53.90361-05	2026-02-15 15:02:53.903617-05	0.9	t	Imported from NCES via exact_name match.	Lafayette College	nces_arcgis	https://nces.ed.gov/opengis/rest/services/Postsecondary_School_Locations/EDGE_GEOCODE_POSTSECONDARYSCH_2223/MapServer/0	review	2026-02-16 13:11:56.259404-05	Lafayette College	2022-2023	213385	active	7	unknown	unknown	Suburb: Large
9	James Madison University	TRUE	Club	\N	\N	bjoerksb@dukes.jmu.edu	2004-01-22	\N		 www.jmu.edu	https://jmusports.com/	https://www.jmu.edu/recreation/sports/sport-clubs/clubs/cycling.shtml	800 South Main Street	Harrisonburg	VA	22807	800 South Main Street, Harrisonburg, VA, 22807, USA	38.436311, -78.870484	38.436311	-78.870484		f	f	f	f	f	f	f		https://www.instagram.com/jmucycling/								2026-02-15 15:02:53.594331-05	2026-02-15 15:02:53.594336-05	0.99	f	Imported from NCES via exact_state_name match.	James Madison University	nces_arcgis	https://nces.ed.gov/opengis/rest/services/Postsecondary_School_Locations/EDGE_GEOCODE_POSTSECONDARYSCH_2223/MapServer/0	geocoded	2026-02-16 13:11:58.749637-05	James Madison University	2022-2023	232423	active	3	unknown	unknown	City: Small
78	Kennesaw State University	FALSE	Club	\N	\N	ksucyclingclub@gmail.com	2005-06-03	\N					1000 Chastain Rd	Kennesaw	GA	30144	1000 Chastain Rd, Kennesaw, GA, 30144, USA	34.038807, -84.583052	34.038807	-84.583052		f	f	f	f	f	f	f										2026-02-15 15:02:53.739734-05	2026-02-15 15:02:53.739741-05	0.9	t	Imported from NCES via exact_name match.	Kennesaw State University	nces_arcgis	https://nces.ed.gov/opengis/rest/services/Postsecondary_School_Locations/EDGE_GEOCODE_POSTSECONDARYSCH_2223/MapServer/0	review	2026-02-16 13:12:16.18909-05	Kennesaw State University	2022-2023	486840	active	5	unknown	unknown	Suburb: Large
96	Marian University	FALSE	Varsity	\N	\N	dpeterson@marian.edu	1994-02-18	\N					835 College Ave	Kentfield	CA	94904	835 College Ave, Kentfield, CA, 94904, USA	37.951918, -122.548758	37.951918	-122.548758		f	f	f	f	f	f	f										2026-02-15 15:02:53.776704-05	2026-02-15 15:02:53.776713-05	0.9090909090909091	t	Imported from NCES via fuzzy match.	College of Marin	nces_arcgis	https://nces.ed.gov/opengis/rest/services/Postsecondary_School_Locations/EDGE_GEOCODE_POSTSECONDARYSCH_2223/MapServer/0	review	2026-02-16 13:11:38.681134-05	Marian University	2022-2023	239080	active	6	unknown	unknown	City: Small
158	Marlboro College (Closed in 2020)	FALSE	Club	\N	\N	katrick@marlboro.edu	2018-12-31	\N					2582 South Road,	Marlboro	VT	05344	2582 South Road, Marlboro, VT 05344	42.8390391,-72.7373365,634	42.8390391	-72.7373365634		f	f	f	f	f	f	f										2026-02-15 15:02:53.907841-05	2026-02-23 14:37:24.809148-05	\N	f	No address candidates found via Nominatim.				geocoded	2026-02-18 15:43:50-05			230940	active	7	unknown	unknown	
79	Lindsey Wilson College	FALSE	Club	\N	\N	pattonj@lindsey.edu	1996-07-01	\N					210 Lindsey Wilson St	Columbia	KY	42728	210 Lindsey Wilson St, Columbia, KY, 42728, USA	37.101502, -85.299997	37.101502	-85.299997		f	f	f	f	f	f	f										2026-02-15 15:02:53.74168-05	2026-02-15 15:02:53.741685-05	0.9	t	Imported from NCES via exact_name match.	Lindsey Wilson College	nces_arcgis	https://nces.ed.gov/opengis/rest/services/Postsecondary_School_Locations/EDGE_GEOCODE_POSTSECONDARYSCH_2223/MapServer/0	review	2026-02-16 13:11:44.522408-05	Lindsey Wilson College	2022-2023	157216	active	5	unknown	unknown	Town: Remote
161	Massachusetts Institute of Technology	FALSE	Club	\N	\N		1994-02-09	\N					77 Massachusetts Avenue	Cambridge	MA	02139	77 Massachusetts Avenue, Cambridge, MA, 02139, USA	42.359243, -71.093226	42.359243	-71.093226		f	f	f	f	f	f	f										2026-02-15 15:02:53.91371-05	2026-02-15 15:02:53.913714-05	0.9	t	Imported from NCES via exact_name match.	Massachusetts Institute of Technology	nces_arcgis	https://nces.ed.gov/opengis/rest/services/Postsecondary_School_Locations/EDGE_GEOCODE_POSTSECONDARYSCH_2223/MapServer/0	review	2026-02-16 13:11:45.690862-05	Massachusetts Institute of Technology	2022-2023	166683	active	7	unknown	unknown	City: Midsize
160	Massachusetts College of Liberal Arts	FALSE	Club	\N	\N	peter.hoyt@mcla.edu	2016-09-28	\N					375 Church Street	North Adams	MA	01247	375 Church Street, North Adams, MA, 01247, USA	42.691361, -73.102817	42.691361	-73.102817		f	f	f	f	f	f	f										2026-02-15 15:02:53.911749-05	2026-02-15 15:02:53.911753-05	0.9	t	Imported from NCES via exact_name match.	Massachusetts College of Liberal Arts	nces_arcgis	https://nces.ed.gov/opengis/rest/services/Postsecondary_School_Locations/EDGE_GEOCODE_POSTSECONDARYSCH_2223/MapServer/0	review	2026-02-16 13:11:45.779854-05	Massachusetts College of Liberal Arts	2022-2023	167288	active	7	unknown	unknown	Town: Fringe
95	Lindenwood University	FALSE	Varsity	\N	\N	jcarter@lindenwood.edu	2007-02-21	\N					209 S Kingshighway St	Saint Charles	MO	63301	209 S Kingshighway St, Saint Charles, MO, 63301, USA	38.785425, -90.501286	38.785425	-90.501286		f	f	f	f	f	f	f										2026-02-15 15:02:53.774344-05	2026-02-15 15:02:53.774349-05	0.9	t	Imported from NCES via exact_name match.	Lindenwood University	nces_arcgis	https://nces.ed.gov/opengis/rest/services/Postsecondary_School_Locations/EDGE_GEOCODE_POSTSECONDARYSCH_2223/MapServer/0	review	2026-02-16 13:11:48.886928-05	Lindenwood University	2022-2023	177968	active	6	unknown	unknown	City: Small
56	Lees-McRae College	TRUE	Varsity	\N	\N	hallt@lmc.edu	2001-11-28	\N					191 Main Street	Banner Elk	NC	28604	191 Main Street, Banner Elk, NC, 28604, USA	36.162477, -81.873371	36.162477	-81.873371		f	f	f	f	f	f	f										2026-02-15 15:02:53.693791-05	2026-02-15 15:02:53.693796-05	0.9	t	Imported from NCES via exact_name match.	Lees-McRae College	nces_arcgis	https://nces.ed.gov/opengis/rest/services/Postsecondary_School_Locations/EDGE_GEOCODE_POSTSECONDARYSCH_2223/MapServer/0	review	2026-02-16 13:11:52.108894-05	Lees-McRae College	2022-2023	198808	active	5	unknown	unknown	Rural: Distant
80	Mars Hill University	FALSE	Club	\N	\N	mwilling@mhu.edu	2007-01-31	\N					100 Athletic St	Mars Hill	NC	28754	100 Athletic St, Mars Hill, NC, 28754, USA	35.82752, -82.551827	35.82752	-82.551827		f	f	f	f	f	f	f										2026-02-15 15:02:53.743515-05	2026-02-15 15:02:53.743519-05	0.9	t	Imported from NCES via exact_name match.	Mars Hill University	nces_arcgis	https://nces.ed.gov/opengis/rest/services/Postsecondary_School_Locations/EDGE_GEOCODE_POSTSECONDARYSCH_2223/MapServer/0	review	2026-02-16 13:11:52.131677-05	Mars Hill University	2022-2023	198899	active	5	unknown	unknown	Suburb: Large
157	Lehigh University	FALSE	Club	\N	\N	bat0@lehigh.edu	2001-04-02	\N					27 Memorial Drive West	Bethlehem	PA	18015	27 Memorial Drive West, Bethlehem, PA, 18015, USA	40.606822, -75.380236	40.606822	-75.380236		f	f	f	f	f	f	f										2026-02-15 15:02:53.905933-05	2026-02-15 15:02:53.905941-05	0.9	t	Imported from NCES via exact_name match.	Lehigh University	nces_arcgis	https://nces.ed.gov/opengis/rest/services/Postsecondary_School_Locations/EDGE_GEOCODE_POSTSECONDARYSCH_2223/MapServer/0	review	2026-02-16 13:11:56.308666-05	Lehigh University	2022-2023	213543	active	7	unknown	unknown	City: Small
159	Marywood University	FALSE	Club	\N	\N	jspossinger@m.marywood.edu	2018-12-31	\N					2300 Adams Ave	Scranton	PA	18509	2300 Adams Ave, Scranton, PA, 18509, USA	41.434587, -75.634142	41.434587	-75.634142		f	f	f	f	f	f	f										2026-02-15 15:02:53.909849-05	2026-02-15 15:02:53.909853-05	0.9	t	Imported from NCES via exact_name match.	Marywood University	nces_arcgis	https://nces.ed.gov/opengis/rest/services/Postsecondary_School_Locations/EDGE_GEOCODE_POSTSECONDARYSCH_2223/MapServer/0	review	2026-02-16 13:11:56.361604-05	Marywood University	2022-2023	213826	active	7	unknown	unknown	City: Small
2	Liberty University	FALSE	Varsity	\N	\N	tbudarz@liberty.edu	2004-03-04	\N		www.liberty.edu			1971 University Blvd	Lynchburg	VA	24515	1971 University Blvd, Lynchburg, VA, 24515, USA	37.350232, -79.18222	37.350232	-79.18222		f	f	f	f	f	f	f										2026-02-15 15:02:53.578177-05	2026-02-15 15:02:53.578184-05	0.9	t	Imported from NCES via exact_name match.	Liberty University	nces_arcgis	https://nces.ed.gov/opengis/rest/services/Postsecondary_School_Locations/EDGE_GEOCODE_POSTSECONDARYSCH_2223/MapServer/0	review	2026-02-16 13:11:58.75058-05	Liberty University	2022-2023	232557	active	3	unknown	unknown	City: Small
105	Lawrence University	TRUE	Club	\N	\N	erinbuensli@lawerence.edu	2018-02-27	\N					College Ave	Appleton	WI	54911	College Ave, Appleton, WI, 54911, USA	44.261323, -88.397822	44.261323	-88.397822		f	f	f	f	f	f	f										2026-02-15 15:02:53.795981-05	2026-02-15 15:02:53.795986-05	0.9	t	Imported from NCES via exact_name match.	Lawrence University	nces_arcgis	https://nces.ed.gov/opengis/rest/services/Postsecondary_School_Locations/EDGE_GEOCODE_POSTSECONDARYSCH_2223/MapServer/0	review	2026-02-16 13:11:59.403278-05	Lawrence University	2022-2023	239017	active	6	unknown	unknown	City: Small
12	Mount St. Mary's University	FALSE	Club	\N	\N	k.k.sheetz@msmary.edu	2021-08-03	\N					12001 Chalon Rd	Los Angeles	CA	90049	12001 Chalon Rd, Los Angeles, CA, 90049, USA	34.085315, -118.482879	34.085315	-118.482879		f	f	f	f	f	f	f										2026-02-15 15:02:53.600412-05	2026-02-15 15:02:53.600417-05	0.9090909090909091	t	Imported from NCES via fuzzy match.	Mount Saint Mary's University	nces_arcgis	https://nces.ed.gov/opengis/rest/services/Postsecondary_School_Locations/EDGE_GEOCODE_POSTSECONDARYSCH_2223/MapServer/0	review	2026-02-16 13:11:38.776286-05	Mount St. Mary's University	2022-2023	163462	active	3	unknown	unknown	Town: Fringe
107	Michigan State University	FALSE	Club	\N	\N	msuspartancycling@gmail.com	2018-12-31	\N					M	East Lansing	MI	48824	M, East Lansing, MI, 48824, USA	42.73212, -84.476111	42.73212	-84.476111		f	f	f	f	f	f	f										2026-02-15 15:02:53.800406-05	2026-02-15 15:02:53.800411-05	0.9	t	Imported from NCES via exact_name match.	Michigan State University	nces_arcgis	https://nces.ed.gov/opengis/rest/services/Postsecondary_School_Locations/EDGE_GEOCODE_POSTSECONDARYSCH_2223/MapServer/0	review	2026-02-16 13:11:46.303501-05	Mid Michigan College	2022-2023	171155	active	6	unknown	unknown	Rural: Fringe
163	New York University	FALSE	Club	\N	\N	enhancesports@aol.com	2006-02-22	\N					70 Washington Sq South	New York	NY	10012	70 Washington Sq South, New York, NY, 10012, USA	40.729452, -73.997264	40.729452	-73.997264		f	f	f	f	f	f	f										2026-02-15 15:02:53.91804-05	2026-02-15 15:02:53.918045-05	0.9	t	Imported from NCES via exact_name match.	New York University	nces_arcgis	https://nces.ed.gov/opengis/rest/services/Postsecondary_School_Locations/EDGE_GEOCODE_POSTSECONDARYSCH_2223/MapServer/0	review	2026-02-16 13:11:51.276253-05	New York University	2022-2023	193900	active	7	unknown	unknown	City: Large
11	Montgomery College	FALSE	Club	\N	\N	rschilli@montgomerycollege.edu	2018-12-31	\N					51 Mannakee Street	Rockville	MD	20850	51 Mannakee Street, Rockville, MD, 20850, USA	39.098656, -77.15929	39.098656	-77.15929		f	f	f	f	f	f	f										2026-02-15 15:02:53.598502-05	2026-02-15 15:02:53.598507-05	0.9	t	Imported from NCES via exact_name match.	Montgomery College	nces_arcgis	https://nces.ed.gov/opengis/rest/services/Postsecondary_School_Locations/EDGE_GEOCODE_POSTSECONDARYSCH_2223/MapServer/0	review	2026-02-16 13:11:45.304537-05	Montgomery Community College	2022-2023	199023	active	3	unknown	unknown	Rural: Fringe
221	Montana State University	FALSE	Club	\N	\N	msucycling@gmail.com	1996-05-21	\N					Montana State University	Bozeman	MT	59717	Montana State University, Bozeman, MT, 59717, USA	45.666726, -111.048812	45.666726	-111.048812		f	f	f	f	f	f	f										2026-02-15 15:02:54.042909-05	2026-02-23 13:30:00.878312-05	1	f	Imported from NCES via unitid match.	Montana State University	nces_arcgis	https://nces.ed.gov/opengis/rest/services/Postsecondary_School_Locations/EDGE_GEOCODE_POSTSECONDARYSCH_2223/MapServer/0	geocoded	2026-02-23 13:35:09.026084-05	Montana State University	2022-2023	180461	active	8	unknown	unknown	Town: Remote
240	Nicholls State University	FALSE	Club	\N	\N	scott.banville@nicholls.edu	2012-02-09	\N					University Station  La Hwy 1	Thibodaux	LA	70310	University Station  La Hwy 1, Thibodaux, LA, 70310, USA	29.794486, -90.801571	29.794486	-90.801571		f	f	f	f	f	f	f										2026-02-15 15:02:54.086228-05	2026-02-15 15:02:54.086234-05	0.9	t	Imported from NCES via exact_name match.	Nicholls State University	nces_arcgis	https://nces.ed.gov/opengis/rest/services/Postsecondary_School_Locations/EDGE_GEOCODE_POSTSECONDARYSCH_2223/MapServer/0	review	2026-02-16 13:11:44.84329-05	Nicholls State University	2022-2023	159966	active	1	unknown	unknown	City: Small
108	Michigan Technological University	FALSE	Club	\N	\N	asdyke@mtu.edu	1998-02-04	\N					1400 Townsend Drive	Houghton	MI	49931	1400 Townsend Drive, Houghton, MI, 49931, USA	47.11866, -88.548092	47.11866	-88.548092		f	f	f	f	f	f	f										2026-02-15 15:02:53.802313-05	2026-02-15 15:02:53.802317-05	0.9	t	Imported from NCES via exact_name match.	Michigan Technological University	nces_arcgis	https://nces.ed.gov/opengis/rest/services/Postsecondary_School_Locations/EDGE_GEOCODE_POSTSECONDARYSCH_2223/MapServer/0	review	2026-02-16 13:11:46.304552-05	Michigan Technological University	2022-2023	171128	active	6	unknown	unknown	Town: Remote
47	Navajo Technical University	FALSE	Club	\N	\N		2021-10-08	\N					Lower Point Road, State Road 371	Crownpoint	NM	87313	Lower Point Road, State Road 371, Crownpoint, NM, 87313, USA	35.687431, -108.149392	35.687431	-108.149392		f	f	f	f	f	f	f										2026-02-15 15:02:53.673724-05	2026-02-15 15:02:53.67373-05	0.9	t	Imported from NCES via exact_name match.	Navajo Technical University	nces_arcgis	https://nces.ed.gov/opengis/rest/services/Postsecondary_School_Locations/EDGE_GEOCODE_POSTSECONDARYSCH_2223/MapServer/0	review	2026-02-16 13:11:50.105458-05	Navajo Technical University	2022-2023	187596	active	4	unknown	unknown	Rural: Remote
106	Miami University-Oxford	FALSE	Club	\N	\N	madurorr@miamioh.edu	2004-03-22	\N					501 East High St	Oxford	OH	45056	501 East High St, Oxford, OH, 45056, USA	39.507757, -84.732954	39.507757	-84.732954		f	f	f	f	f	f	f										2026-02-15 15:02:53.798255-05	2026-02-15 15:02:53.798261-05	0.9	t	Imported from NCES via exact_name match.	Miami University-Oxford	nces_arcgis	https://nces.ed.gov/opengis/rest/services/Postsecondary_School_Locations/EDGE_GEOCODE_POSTSECONDARYSCH_2223/MapServer/0	review	2026-02-16 13:11:53.084501-05	Miami University-Oxford	2022-2023	204024	active	6	unknown	unknown	Town: Fringe
235	Midwestern State University	FALSE	Varsity	\N	\N	Zamastil@gmail.com	1993-12-01	\N					3410 Taft Blvd	Wichita Falls	TX	76308	3410 Taft Blvd, Wichita Falls, TX, 76308, USA	33.874809, -98.519386	33.874809	-98.519386		f	f	f	f	f	f	f										2026-02-15 15:02:54.075164-05	2026-02-15 15:02:54.075169-05	0.9	t	Imported from NCES via exact_name match.	Midwestern State University	nces_arcgis	https://nces.ed.gov/opengis/rest/services/Postsecondary_School_Locations/EDGE_GEOCODE_POSTSECONDARYSCH_2223/MapServer/0	review	2026-02-16 13:11:58.078665-05	Midwestern State University	2022-2023	226833	active	1	unknown	unknown	City: Midsize
162	Middlebury College	FALSE	Club	\N	\N	cycling@middlebury.edu	1994-03-24	\N					Old Chapel	Middlebury	VT	05753	Old Chapel, Middlebury, VT, 05753, USA	44.009117, -73.176068	44.009117	-73.176068		f	f	f	f	f	f	f										2026-02-15 15:02:53.915911-05	2026-02-15 15:02:53.915915-05	0.9	t	Imported from NCES via exact_name match.	Middlebury College	nces_arcgis	https://nces.ed.gov/opengis/rest/services/Postsecondary_School_Locations/EDGE_GEOCODE_POSTSECONDARYSCH_2223/MapServer/0	review	2026-02-16 13:11:58.707266-05	Middlebury College	2022-2023	230959	active	7	unknown	unknown	Town: Distant
57	Milligan University	FALSE	Varsity	\N	\N	znave@milligan.edu	2008-12-22	\N					1 Blowers Blvd.	Milligan	TN	37682	1 Blowers Blvd., Milligan, TN, 37682, USA	36.300147, -82.29407	36.300147	-82.29407		f	f	f	f	f	f	f										2026-02-15 15:02:53.695818-05	2026-02-15 15:02:53.695822-05	0.9	t	Imported from NCES via exact_name match.	Milligan University	nces_arcgis	https://nces.ed.gov/opengis/rest/services/Postsecondary_School_Locations/EDGE_GEOCODE_POSTSECONDARYSCH_2223/MapServer/0	review	2026-02-16 13:12:16.215677-05	Milligan University	2022-2023	486901	active	5	unknown	unknown	Suburb: Midsize
167	Penn State Main Campus	FALSE	Club	\N	\N	nlr5191@psu.edu	1993-12-13	\N					201 Old Main	University Park	PA	16802	201 Old Main, University Park, PA, 16802, USA	40.7965, -77.862848	40.7965	-77.862848		f	f	f	f	f	f	f										2026-02-15 15:02:53.926014-05	2026-02-23 14:26:34.36324-05	1	f	Imported from NCES via unitid match.	Pennsylvania State University-Main Campus	nces_arcgis	https://nces.ed.gov/opengis/rest/services/Postsecondary_School_Locations/EDGE_GEOCODE_POSTSECONDARYSCH_2223/MapServer/0	geocoded	2026-02-23 13:35:11-05	Pennsylvania State University-Main Campus	2022-2023	214777	active	7	unknown	unknown	City: Small
111	Northern Michigan University	FALSE	Club	\N	\N	rort@nmu.edu	2006-02-06	\N					1401 Presque Isle Avenue	Marquette	MI	49855	1401 Presque Isle Avenue, Marquette, MI, 49855, USA	46.559751, -87.406568	46.559751	-87.406568		f	f	f	f	f	f	f										2026-02-15 15:02:53.807895-05	2026-02-15 15:02:53.807899-05	0.9	t	Imported from NCES via exact_name match.	Northern Michigan University	nces_arcgis	https://nces.ed.gov/opengis/rest/services/Postsecondary_School_Locations/EDGE_GEOCODE_POSTSECONDARYSCH_2223/MapServer/0	review	2026-02-16 13:11:46.337925-05	Northern Michigan University	2022-2023	171456	active	6	unknown	unknown	Town: Remote
58	Piedmont University	FALSE	Varsity	\N	\N	jcarney@piedmont.edu	2016-07-12	\N					1021 Central Ave	Demorest	GA	30535	1021 Central Ave, Demorest, GA, 30535, USA	34.566042, -83.542126	34.566042	-83.542126		f	f	f	f	f	f	f										2026-02-15 15:02:53.697956-05	2026-02-15 15:02:53.697961-05	0.9	t	Imported from NCES via exact_name match.	Piedmont University	nces_arcgis	https://nces.ed.gov/opengis/rest/services/Postsecondary_School_Locations/EDGE_GEOCODE_POSTSECONDARYSCH_2223/MapServer/0	review	2026-02-16 13:11:41.009349-05	Piedmont Community College	2022-2023	199324	active	5	unknown	unknown	Rural: Fringe
164	Northeastern University	FALSE	Club	\N	\N	n.avery@northeastern.edu	1999-01-25	\N					360 Huntington Ave	Boston	MA	02115	360 Huntington Ave, Boston, MA, 02115, USA	42.339992, -71.088782	42.339992	-71.088782		f	f	f	f	f	f	f										2026-02-15 15:02:53.920018-05	2026-02-15 15:02:53.920025-05	0.9	t	Imported from NCES via exact_name match.	Northeastern University	nces_arcgis	https://nces.ed.gov/opengis/rest/services/Postsecondary_School_Locations/EDGE_GEOCODE_POSTSECONDARYSCH_2223/MapServer/0	review	2026-02-16 13:11:45.791004-05	Northeastern State University	2022-2023	207263	active	7	unknown	unknown	Town: Remote
223	Portland State University	FALSE	Club	\N	\N	portlandstateuniversitycycling@gmail.com	2005-02-23	\N					12000 SW 49th Avenue	Portland	OR	97219	12000 SW 49th Avenue, Portland, OR, 97219, USA	45.438154, -122.730876	45.438154	-122.730876		f	f	f	f	f	f	f										2026-02-15 15:02:54.047478-05	2026-02-15 15:02:54.047483-05	0.9	t	Imported from NCES via exact_name match.	Portland Community College	nces_arcgis	https://nces.ed.gov/opengis/rest/services/Postsecondary_School_Locations/EDGE_GEOCODE_POSTSECONDARYSCH_2223/MapServer/0	review	2026-02-16 13:11:55.713151-05	University of Portland	2022-2023	209825	active	8	unknown	unknown	City: Large
112	Northwestern University	FALSE	Club	\N	\N	nucycling@gmail.com	1994-02-25	\N					633 Clark St	Evanston	IL	60208	633 Clark St, Evanston, IL, 60208, USA	42.050356, -87.679858	42.050356	-87.679858		f	f	f	f	f	f	f										2026-02-15 15:02:53.809817-05	2026-02-15 15:02:53.809824-05	0.9	t	Imported from NCES via exact_name match.	Northwestern University	nces_arcgis	https://nces.ed.gov/opengis/rest/services/Postsecondary_School_Locations/EDGE_GEOCODE_POSTSECONDARYSCH_2223/MapServer/0	review	2026-02-16 13:11:42.965114-05	Northwestern College	2022-2023	260992	active	6	unknown	unknown	Suburb: Large
222	Oregon State University	FALSE	Club	\N	\N	cycling@oregonstate.edu	1994-02-01	\N					1500 SW Jefferson Avenue	Corvallis	OR	97331	1500 SW Jefferson Avenue, Corvallis, OR, 97331, USA	44.56395, -123.274723	44.56395	-123.274723		f	f	f	f	f	f	f										2026-02-15 15:02:54.045137-05	2026-02-23 13:30:00.88063-05	1	f	Imported from NCES via unitid match.	Oregon State University	nces_arcgis	https://nces.ed.gov/opengis/rest/services/Postsecondary_School_Locations/EDGE_GEOCODE_POSTSECONDARYSCH_2223/MapServer/0	geocoded	2026-02-23 13:35:11.621541-05	Oregon State University	2022-2023	209542	active	8	unknown	unknown	City: Small
50	Ottawa University-Phoenix	FALSE	Club	\N	\N	kandres@ottawa.edu	2019-08-14	\N					9414 North 25th Avenue	Phoenix	AZ	85021	9414 North 25th Avenue, Phoenix, AZ, 85021, USA	33.572173, -112.113001	33.572173	-112.113001		f	f	f	f	f	f	f										2026-02-15 15:02:53.67996-05	2026-02-15 15:02:53.679966-05	0.9	t	Imported from NCES via exact_name match.	Ottawa University-Phoenix	nces_arcgis	https://nces.ed.gov/opengis/rest/services/Postsecondary_School_Locations/EDGE_GEOCODE_POSTSECONDARYSCH_2223/MapServer/0	review	2026-02-16 13:11:37.125732-05	Ottawa University-Phoenix	2022-2023	105367	active	4	unknown	unknown	City: Large
35	Pikes Peak Community College	FALSE	Club	\N	\N	larry.giddings@Icloud.com	2018-12-31	\N					5675 S Academy Blvd	Colorado Springs	CO	80906	5675 S Academy Blvd, Colorado Springs, CO, 80906, USA	38.764287, -104.787261	38.764287	-104.787261		f	f	f	f	f	f	f										2026-02-15 15:02:53.649635-05	2026-02-15 15:02:53.64964-05	0.9	t	Imported from NCES via exact_name match.	Pikes Peak State College	nces_arcgis	https://nces.ed.gov/opengis/rest/services/Postsecondary_School_Locations/EDGE_GEOCODE_POSTSECONDARYSCH_2223/MapServer/0	review	2026-02-16 13:11:39.530628-05	Pikes Peak State College	2022-2023	127820	active	2	unknown	unknown	Suburb: Large
110	North Park University	FALSE	Club	\N	\N	abolotin21@gmail.com	2017-08-30	\N					3225 W Foster Ave	Chicago	IL	60625	3225 W Foster Ave, Chicago, IL, 60625, USA	41.975268, -87.709948	41.975268	-87.709948		f	f	f	f	f	f	f										2026-02-15 15:02:53.806101-05	2026-02-15 15:02:53.806106-05	0.9	t	Imported from NCES via exact_name match.	North Park University	nces_arcgis	https://nces.ed.gov/opengis/rest/services/Postsecondary_School_Locations/EDGE_GEOCODE_POSTSECONDARYSCH_2223/MapServer/0	review	2026-02-16 13:11:42.950168-05	North Park University	2022-2023	147679	active	6	unknown	unknown	City: Large
168	Plymouth State University	FALSE	Club	\N	\N	jfritz@plymouth.edu	2007-10-01	\N					17 High Street	Plymouth	NH	03264	17 High Street, Plymouth, NH, 03264, USA	43.759573, -71.690164	43.759573	-71.690164		f	f	f	f	f	f	f										2026-02-15 15:02:53.927964-05	2026-02-15 15:02:53.927968-05	0.9	t	Imported from NCES via exact_name match.	Plymouth State University	nces_arcgis	https://nces.ed.gov/opengis/rest/services/Postsecondary_School_Locations/EDGE_GEOCODE_POSTSECONDARYSCH_2223/MapServer/0	review	2026-02-16 13:11:49.596268-05	Plymouth State University	2022-2023	183080	active	7	unknown	unknown	Town: Remote
113	Oberlin College	FALSE	Club	\N	\N	eschnell@oberlin.edu	2011-01-27	\N					70 N Professor St	Oberlin	OH	44074	70 N Professor St, Oberlin, OH, 44074, USA	41.291992, -82.216795	41.291992	-82.216795		f	f	f	f	f	f	f										2026-02-15 15:02:53.812493-05	2026-02-15 15:02:53.812501-05	0.9	t	Imported from NCES via exact_name match.	Oberlin College	nces_arcgis	https://nces.ed.gov/opengis/rest/services/Postsecondary_School_Locations/EDGE_GEOCODE_POSTSECONDARYSCH_2223/MapServer/0	review	2026-02-16 13:11:53.177334-05	Oberlin College	2022-2023	204501	active	6	unknown	unknown	Town: Fringe
36	Regis University	FALSE	Club	\N	\N	jwink@regis.edu	2008-01-30	\N					3333 Regis Blvd	Denver	CO	80221	3333 Regis Blvd, Denver, CO, 80221, USA	39.788175, -105.030756	39.788175	-105.030756		f	f	f	f	f	f	f										2026-02-15 15:02:53.651419-05	2026-02-15 15:02:53.651423-05	0.9	t	Imported from NCES via exact_name match.	Regis University	nces_arcgis	https://nces.ed.gov/opengis/rest/services/Postsecondary_School_Locations/EDGE_GEOCODE_POSTSECONDARYSCH_2223/MapServer/0	review	2026-02-16 13:11:39.531382-05	Regis College	2022-2023	167598	active	2	unknown	unknown	Suburb: Large
117	Saint Louis University	FALSE	Club	\N	\N	JAMESARPIN@gmail.com	2018-12-31	\N					One North Grand Blvd	Saint Louis	MO	63103	One North Grand Blvd, Saint Louis, MO, 63103, USA	38.636801, -90.2351	38.636801	-90.2351		f	f	f	f	f	f	f										2026-02-15 15:02:53.820939-05	2026-02-15 15:02:53.820944-05	0.9	t	Imported from NCES via exact_name match.	Saint Louis University	nces_arcgis	https://nces.ed.gov/opengis/rest/services/Postsecondary_School_Locations/EDGE_GEOCODE_POSTSECONDARYSCH_2223/MapServer/0	review	2026-02-16 13:11:49.054658-05	Saint Louis Community College	2022-2023	179308	active	6	unknown	unknown	Suburb: Large
169	Princeton University	FALSE	Club	\N	\N	Cycling@princeton.edu	1994-01-21	\N					1 Nassau Hall	Princeton	NJ	08544	1 Nassau Hall, Princeton, NJ, 08544, USA	40.348732, -74.659365	40.348732	-74.659365		f	f	f	f	f	f	f										2026-02-15 15:02:53.930045-05	2026-02-15 15:02:53.93005-05	0.9	t	Imported from NCES via exact_name match.	Princeton University	nces_arcgis	https://nces.ed.gov/opengis/rest/services/Postsecondary_School_Locations/EDGE_GEOCODE_POSTSECONDARYSCH_2223/MapServer/0	review	2026-02-16 13:11:49.971514-05	Princeton University	2022-2023	186131	active	7	unknown	unknown	City: Small
173	Rutgers University-New Brunswick	FALSE	Club	\N	\N	kpettis@rci.rutgers.edu	2001-03-08	\N					83 Somerset St	New Brunswick	NJ	08901	83 Somerset St, New Brunswick, NJ, 08901, USA	40.498769, -74.446251	40.498769	-74.446251		f	f	f	f	f	f	f										2026-02-15 15:02:53.939185-05	2026-02-15 15:02:53.939193-05	0.9	t	Imported from NCES via exact_name match.	Rutgers University-New Brunswick	nces_arcgis	https://nces.ed.gov/opengis/rest/services/Postsecondary_School_Locations/EDGE_GEOCODE_POSTSECONDARYSCH_2223/MapServer/0	review	2026-02-16 13:11:49.999934-05	Rutgers University-New Brunswick	2022-2023	186380	active	7	unknown	unknown	City: Small
170	Rensselaer Polytechnic Institute	FALSE	Club	\N	\N	allars@rpi.edu	1994-01-11	\N					110 8th St	Troy	NY	12180	110 8th St, Troy, NY, 12180, USA	42.729978, -73.676646	42.729978	-73.676646		f	f	f	f	f	f	f										2026-02-15 15:02:53.932407-05	2026-02-15 15:02:53.932413-05	0.9	t	Imported from NCES via exact_name match.	Rensselaer Polytechnic Institute	nces_arcgis	https://nces.ed.gov/opengis/rest/services/Postsecondary_School_Locations/EDGE_GEOCODE_POSTSECONDARYSCH_2223/MapServer/0	review	2026-02-16 13:11:51.432301-05	Rensselaer Polytechnic Institute	2022-2023	194824	active	7	unknown	unknown	City: Small
16	Saint Augustines University	FALSE	Club	\N	\N	mjanas@st-aug.edu	2020-03-05	\N					1315 Oakwood Avenue	Raleigh	NC	27610	1315 Oakwood Avenue, Raleigh, NC, 27610, USA	35.785468, -78.621301	35.785468	-78.621301		f	f	f	f	f	f	f										2026-02-15 15:02:53.609111-05	2026-02-15 15:02:53.609115-05	0.9696969696969697	f	Imported from NCES via fuzzy match.	Saint Augustine's University	nces_arcgis	https://nces.ed.gov/opengis/rest/services/Postsecondary_School_Locations/EDGE_GEOCODE_POSTSECONDARYSCH_2223/MapServer/0	geocoded	2026-02-16 13:11:52.305605-05	Saint Augustine's University	2022-2023	199582	active	3	unknown	unknown	City: Large
171	Rhode Island School of Design	FALSE	Club	\N	\N	kalmeida@risd.edu	2018-12-31	\N					2 College St	Providence	RI	02903	2 College St, Providence, RI, 02903, USA	41.825935, -71.407692	41.825935	-71.407692		f	f	f	f	f	f	f										2026-02-15 15:02:53.934647-05	2026-02-15 15:02:53.934652-05	0.9	t	Imported from NCES via exact_name match.	Rhode Island School of Design	nces_arcgis	https://nces.ed.gov/opengis/rest/services/Postsecondary_School_Locations/EDGE_GEOCODE_POSTSECONDARYSCH_2223/MapServer/0	review	2026-02-16 13:11:57.136083-05	Rhode Island School of Design	2022-2023	217493	active	7	unknown	unknown	City: Midsize
241	Rice University	FALSE	Club	\N	\N	ruct@rice.edu	2009-01-15	\N					6100 S Main St	Houston	TX	77005	6100 S Main St, Houston, TX, 77005, USA	29.717897, -95.402035	29.717897	-95.402035		f	f	f	f	f	f	f										2026-02-15 15:02:54.088726-05	2026-02-15 15:02:54.088736-05	0.9	t	Imported from NCES via exact_name match.	Rice University	nces_arcgis	https://nces.ed.gov/opengis/rest/services/Postsecondary_School_Locations/EDGE_GEOCODE_POSTSECONDARYSCH_2223/MapServer/0	review	2026-02-16 13:11:58.18905-05	Rice University	2022-2023	227757	active	1	unknown	unknown	City: Large
175	Saint Michaels College	FALSE	Club	\N	\N	drobb257@gmail.com	2018-12-31	\N					One Winooski Park	Colchester	VT	05439	One Winooski Park, Colchester, VT, 05439, USA	44.494558, -73.167069	44.494558	-73.167069		f	f	f	f	f	f	f										2026-02-15 15:02:53.942996-05	2026-02-15 15:02:53.943001-05	0.9655172413793104	f	Imported from NCES via fuzzy match.	Saint Michael's College	nces_arcgis	https://nces.ed.gov/opengis/rest/services/Postsecondary_School_Locations/EDGE_GEOCODE_POSTSECONDARYSCH_2223/MapServer/0	geocoded	2026-02-16 13:11:58.722373-05	Saint Michael's College	2022-2023	231059	active	7	unknown	unknown	Suburb: Midsize
15	Roanoke College	TRUE	Club	8	2	rambo@roanoke.edu	2022-12-31	\N					221 College Lane	Salem	VA	24153	221 College Lane, Salem, VA, 24153, USA	37.294861, -80.055467	37.294861	-80.055467		f	f	f	f	f	f	f										2026-02-15 15:02:53.607313-05	2026-02-15 15:02:53.607321-05	0.99	f	Imported from NCES via exact_state_name match.	Roanoke College	nces_arcgis	https://nces.ed.gov/opengis/rest/services/Postsecondary_School_Locations/EDGE_GEOCODE_POSTSECONDARYSCH_2223/MapServer/0	geocoded	2026-02-16 13:11:58.752651-05	Roanoke College	2022-2023	233426	active	3	unknown	unknown	Suburb: Midsize
116	Ripon College	FALSE	Club	\N	\N	rheinm@ripon.edu	2007-11-19	\N					300 West Seward Street	Ripon	WI	54971	300 West Seward Street, Ripon, WI, 54971, USA	43.844135, -88.842333	43.844135	-88.842333		f	f	f	f	f	f	f										2026-02-15 15:02:53.818739-05	2026-02-15 15:02:53.818744-05	0.9	t	Imported from NCES via exact_name match.	Ripon College	nces_arcgis	https://nces.ed.gov/opengis/rest/services/Postsecondary_School_Locations/EDGE_GEOCODE_POSTSECONDARYSCH_2223/MapServer/0	review	2026-02-16 13:11:59.481171-05	Ripon College	2022-2023	239628	active	6	unknown	unknown	Town: Distant
201	Rocky Mountain University of Health Professionals	FALSE	Club	\N	\N		2020-01-02	\N					122 East 1700 South	Provo	UT	84606	122 East 1700 South, Provo, UT, 84606, USA	40.211724, -111.656188	40.211724	-111.656188		f	f	f	f	f	f	f										2026-02-15 15:02:54.000147-05	2026-02-15 15:02:54.000152-05	0.9705882352941176	f	Imported from NCES via fuzzy match.	Rocky Mountain University of Health Professions	nces_arcgis	https://nces.ed.gov/opengis/rest/services/Postsecondary_School_Locations/EDGE_GEOCODE_POSTSECONDARYSCH_2223/MapServer/0	geocoded	2026-02-16 13:12:12.727653-05	Rocky Mountain University of Health Professions	2022-2023	475495	active	10	unknown	unknown	City: Midsize
214	Southern Oregon University	FALSE	Varsity	\N	\N	Lawsonj@sou.edu	2022-12-31	\N					1250 Siskiyou Blvd	Ashland	OR	97520	1250 Siskiyou Blvd, Ashland, OR, 97520, USA	42.185077, -122.695081	42.185077	-122.695081		f	f	f	f	f	f	f										2026-02-15 15:02:54.027727-05	2026-02-15 15:02:54.027732-05	0.9	t	Imported from NCES via exact_name match.	Southern Oregon University	nces_arcgis	https://nces.ed.gov/opengis/rest/services/Postsecondary_School_Locations/EDGE_GEOCODE_POSTSECONDARYSCH_2223/MapServer/0	review	2026-02-16 13:11:55.721862-05	Western Oregon University	2022-2023	210429	active	8	unknown	unknown	Town: Fringe
181	Temple University	FALSE	Club	\N	\N	pete.vincent@temple.edu	2007-02-02	\N					1801 North Broad Street	Philadelphia	PA	19122	1801 North Broad Street, Philadelphia, PA, 19122, USA	39.980546, -75.156859	39.980546	-75.156859		f	f	f	f	f	f	f										2026-02-15 15:02:53.956029-05	2026-02-15 15:02:53.956034-05	0.9	t	Imported from NCES via exact_name match.	Temple University	nces_arcgis	https://nces.ed.gov/opengis/rest/services/Postsecondary_School_Locations/EDGE_GEOCODE_POSTSECONDARYSCH_2223/MapServer/0	review	2026-02-16 13:11:56.94528-05	Temple College	2022-2023	228608	active	7	unknown	unknown	City: Small
245	Texas Tech University	FALSE	Club	\N	\N	chad.ellsworth@ttu.edu	1994-02-16	\N					Broadway and University Avenue	Lubbock	TX	79409	Broadway and University Avenue, Lubbock, TX, 79409, USA	33.583448, -101.874783	33.583448	-101.874783		f	f	f	f	f	f	f										2026-02-15 15:02:54.097518-05	2026-02-15 15:02:54.097523-05	0.9	t	Imported from NCES via exact_name match.	Texas Tech University	nces_arcgis	https://nces.ed.gov/opengis/rest/services/Postsecondary_School_Locations/EDGE_GEOCODE_POSTSECONDARYSCH_2223/MapServer/0	review	2026-02-16 13:11:58.467881-05	Texas State Technical College	2022-2023	487320	active	1	unknown	unknown	City: Midsize
244	Texas State University-San Marcos	FALSE	Club	\N	\N	TexasStateCycling@gmail.com	1995-01-31	\N					601 University Dr	San Marcos	TX	78666	601 University Dr, San Marcos, TX, 78666, USA	29.888885, -97.943029	29.888885	-97.943029		f	f	f	f	f	f	f										2026-02-15 15:02:54.095189-05	2026-02-23 13:30:00.897194-05	1	f	Imported from NCES via unitid match.	Texas State University	nces_arcgis	https://nces.ed.gov/opengis/rest/services/Postsecondary_School_Locations/EDGE_GEOCODE_POSTSECONDARYSCH_2223/MapServer/0	geocoded	2026-02-23 13:35:12.143645-05	Texas State University	2022-2023	228459	active	1	unknown	unknown	City: Small
118	Southern Illinois University Carbondale	FALSE	Club	\N	\N	victor.martin@siu.edu	2018-12-31	\N					Lincoln Drive	Carbondale	IL	62901	Lincoln Drive, Carbondale, IL, 62901, USA	37.714193, -89.217273	37.714193	-89.217273		f	f	f	f	f	f	f										2026-02-15 15:02:53.822922-05	2026-02-15 15:02:53.822927-05	0.9	t	Imported from NCES via exact_name match.	Southern Illinois University-Carbondale	nces_arcgis	https://nces.ed.gov/opengis/rest/services/Postsecondary_School_Locations/EDGE_GEOCODE_POSTSECONDARYSCH_2223/MapServer/0	review	2026-02-16 13:11:43.117087-05	Southern Illinois University-Carbondale	2022-2023	149222	active	6	unknown	unknown	City: Small
119	Southern Illinois University Edwardsville	FALSE	Club	\N	\N	clubsports@siue.edu	2017-01-19	\N					Il State Rte 157	Edwardsville	IL	62026	Il State Rte 157, Edwardsville, IL, 62026, USA	38.793949, -89.997779	38.793949	-89.997779		f	f	f	f	f	f	f										2026-02-15 15:02:53.825042-05	2026-02-15 15:02:53.825046-05	0.9	t	Imported from NCES via exact_name match.	Southern Illinois University-Edwardsville	nces_arcgis	https://nces.ed.gov/opengis/rest/services/Postsecondary_School_Locations/EDGE_GEOCODE_POSTSECONDARYSCH_2223/MapServer/0	review	2026-02-16 13:11:43.118838-05	Southern Illinois University-Edwardsville	2022-2023	149231	active	6	unknown	unknown	Suburb: Large
177	Smith College	FALSE	Club	\N	\N	bmay@smith.edu	2011-02-01	\N					Elm St	Northampton	MA	01063	Elm St, Northampton, MA, 01063, USA	42.318111, -72.638097	42.318111	-72.638097		f	f	f	f	f	f	f										2026-02-15 15:02:53.947375-05	2026-02-15 15:02:53.94738-05	0.9	t	Imported from NCES via exact_name match.	Smith College	nces_arcgis	https://nces.ed.gov/opengis/rest/services/Postsecondary_School_Locations/EDGE_GEOCODE_POSTSECONDARYSCH_2223/MapServer/0	review	2026-02-16 13:11:45.842799-05	Smith College	2022-2023	167835	active	7	unknown	unknown	Suburb: Large
178	Suny Maritime College	FALSE	Club	\N	\N	kschwatz@sunymaritime.edu	2019-03-04	\N					6 Pennyfield Avenue	Throggs Neck	NY	10465	6 Pennyfield Avenue, Throggs Neck, NY, 10465, USA	40.807217, -73.795309	40.807217	-73.795309		f	f	f	f	f	f	f										2026-02-15 15:02:53.949757-05	2026-02-15 15:02:53.949762-05	0.9	t	Imported from NCES via exact_name match.	SUNY Maritime College	nces_arcgis	https://nces.ed.gov/opengis/rest/services/Postsecondary_School_Locations/EDGE_GEOCODE_POSTSECONDARYSCH_2223/MapServer/0	review	2026-02-16 13:11:51.720059-05	SUNY Maritime College	2022-2023	196291	active	7	unknown	unknown	City: Large
180	Syracuse University	FALSE	Club	\N	\N	apetrie@syr.edu	2018-12-31	\N					900 South Crouse Ave.	Syracuse	NY	13244	900 South Crouse Ave., Syracuse, NY, 13244, USA	43.036644, -76.133989	43.036644	-76.133989		f	f	f	f	f	f	f										2026-02-15 15:02:53.953942-05	2026-02-15 15:02:53.953951-05	0.9	t	Imported from NCES via exact_name match.	Syracuse University	nces_arcgis	https://nces.ed.gov/opengis/rest/services/Postsecondary_School_Locations/EDGE_GEOCODE_POSTSECONDARYSCH_2223/MapServer/0	review	2026-02-16 13:11:51.733515-05	Syracuse University	2022-2023	196413	active	7	unknown	unknown	City: Midsize
179	Swarthmore College	FALSE	Club	\N	\N	thuntin1@swarthmore.edu	2018-12-31	\N					500 College Ave	Swarthmore	PA	19081	500 College Ave, Swarthmore, PA, 19081, USA	39.905159, -75.354278	39.905159	-75.354278		f	f	f	f	f	f	f										2026-02-15 15:02:53.951849-05	2026-02-15 15:02:53.951854-05	0.9	t	Imported from NCES via exact_name match.	Swarthmore College	nces_arcgis	https://nces.ed.gov/opengis/rest/services/Postsecondary_School_Locations/EDGE_GEOCODE_POSTSECONDARYSCH_2223/MapServer/0	review	2026-02-16 13:11:56.9294-05	Swarthmore College	2022-2023	216287	active	7	unknown	unknown	Suburb: Large
242	Schreiner University	FALSE	Club	\N	\N	crahey@schreiner.edu	2001-11-05	\N					2100 Memorial Blvd	Kerrville	TX	78028	2100 Memorial Blvd, Kerrville, TX, 78028, USA	30.031458, -99.130586	30.031458	-99.130586		f	f	f	f	f	f	f										2026-02-15 15:02:54.090972-05	2026-02-15 15:02:54.090978-05	0.9	t	Imported from NCES via exact_name match.	Schreiner University	nces_arcgis	https://nces.ed.gov/opengis/rest/services/Postsecondary_School_Locations/EDGE_GEOCODE_POSTSECONDARYSCH_2223/MapServer/0	review	2026-02-16 13:11:58.23612-05	Schreiner University	2022-2023	228042	active	1	unknown	unknown	Town: Remote
224	Seattle University	FALSE	Club	\N	\N	schumacher@seattleu.edu	1999-10-07	\N					900 Broadway	Seattle	WA	98122	900 Broadway, Seattle, WA, 98122, USA	47.608859, -122.318851	47.608859	-122.318851		f	f	f	f	f	f	f										2026-02-15 15:02:54.050018-05	2026-02-15 15:02:54.050023-05	0.9	t	Imported from NCES via exact_name match.	Seattle University	nces_arcgis	https://nces.ed.gov/opengis/rest/services/Postsecondary_School_Locations/EDGE_GEOCODE_POSTSECONDARYSCH_2223/MapServer/0	review	2026-02-16 13:11:58.979075-05	Seattle University	2022-2023	236595	active	8	unknown	unknown	City: Large
248	University of Arkansas	FALSE	Club	\N	\N	lshively@uark.edu	2004-11-30	\N					1125 W Maple St, Administration Bldg 425	Fayetteville	AR	72701	1125 W Maple St, Administration Bldg 425, Fayetteville, AR, 72701, USA	36.070009, -94.176981	36.070009	-94.176981		f	f	f	f	f	f	f										2026-02-15 15:02:54.104442-05	2026-02-15 15:02:54.10445-05	0.9	t	Imported from NCES via exact_name match.	University of Arkansas	nces_arcgis	https://nces.ed.gov/opengis/rest/services/Postsecondary_School_Locations/EDGE_GEOCODE_POSTSECONDARYSCH_2223/MapServer/0	review	2026-02-16 13:11:37.24032-05	Arkansas State University	2022-2023	106458	active	1	unknown	unknown	City: Small
88	University of Central Florida	FALSE	Club	\N	\N	Carlee.hemmerlein@gmail.com	2008-06-02	\N					3001 SW College Rd	Ocala	FL	34474	3001 SW College Rd, Ocala, FL, 34474, USA	29.166079, -82.175692	29.166079	-82.175692		f	f	f	f	f	f	f										2026-02-15 15:02:53.758974-05	2026-02-15 15:02:53.758978-05	0.9	t	Imported from NCES via exact_name match.	College of Central Florida	nces_arcgis	https://nces.ed.gov/opengis/rest/services/Postsecondary_School_Locations/EDGE_GEOCODE_POSTSECONDARYSCH_2223/MapServer/0	review	2026-02-16 13:11:39.995563-05	University of Central Florida	2022-2023	132903	active	5	unknown	unknown	Suburb: Large
247	The University of Texas at Dallas	FALSE	Club	\N	\N	Chris.gormley@utdallas.edu	2012-09-19	\N					800 West Campbell  Road	Richardson	TX	75080	800 West Campbell  Road, Richardson, TX, 75080, USA	32.984673, -96.749702	32.984673	-96.749702		f	f	f	f	f	f	f										2026-02-15 15:02:54.102255-05	2026-02-15 15:02:54.10226-05	0.9	t	Imported from NCES via exact_name match.	The University of Texas at Dallas	nces_arcgis	https://nces.ed.gov/opengis/rest/services/Postsecondary_School_Locations/EDGE_GEOCODE_POSTSECONDARYSCH_2223/MapServer/0	review	2026-02-16 13:11:58.411867-05	University of North Texas at Dallas	2022-2023	484905	active	1	unknown	unknown	City: Large
183	Union College-NY	FALSE	Club	\N	\N	cliftonf@union.edu	2005-02-09	\N					807 Union Street	Schenectady	NY	12308	807 Union Street, Schenectady, NY, 12308, USA	42.818097, -73.928788	42.818097	-73.928788		f	f	f	f	f	f	f										2026-02-15 15:02:53.959995-05	2026-02-23 13:30:00.824333-05	1	f	Imported from NCES via unitid match.	Union College	nces_arcgis	https://nces.ed.gov/opengis/rest/services/Postsecondary_School_Locations/EDGE_GEOCODE_POSTSECONDARYSCH_2223/MapServer/0	geocoded	2026-02-23 13:35:09.677172-05	Union College	2022-2023	196866	active	7	unknown	unknown	City: Small
184	United States Coast Guard Academy	FALSE	Club	\N	\N	robert.e.stiles@uscga.edu	2004-11-29	\N					15 Mohegan Avenue	New London	CT	06320	15 Mohegan Avenue, New London, CT, 06320, USA	41.375823, -72.101583	41.375823	-72.101583		f	f	f	f	f	f	f										2026-02-15 15:02:53.962074-05	2026-02-15 15:02:53.962079-05	0.9	t	Imported from NCES via exact_name match.	United States Coast Guard Academy	nces_arcgis	https://nces.ed.gov/opengis/rest/services/Postsecondary_School_Locations/EDGE_GEOCODE_POSTSECONDARYSCH_2223/MapServer/0	review	2026-02-16 13:11:39.808448-05	United States Coast Guard Academy	2022-2023	130624	active	7	unknown	unknown	City: Small
61	Truett McConnell University	FALSE	Varsity	\N	\N	jmuzyka@Truett.edu	2018-11-02	\N					100 Alumni Dr	Cleveland	GA	30528	100 Alumni Dr, Cleveland, GA, 30528, USA	34.596306, -83.748911	34.596306	-83.748911		f	f	f	f	f	f	f										2026-02-15 15:02:53.703997-05	2026-02-15 15:02:53.704003-05	0.9	t	Imported from NCES via exact_name match.	Truett McConnell University	nces_arcgis	https://nces.ed.gov/opengis/rest/services/Postsecondary_School_Locations/EDGE_GEOCODE_POSTSECONDARYSCH_2223/MapServer/0	review	2026-02-16 13:11:41.061433-05	Truett McConnell University	2022-2023	141237	active	5	unknown	unknown	Town: Distant
85	Tulane University of Louisiana	FALSE	Club	\N	\N	cycling@tulane.edu	2010-01-13	\N					6823 St. Charles Avenue	New Orleans	LA	70118	6823 St. Charles Avenue, New Orleans, LA, 70118, USA	29.940069, -90.122144	29.940069	-90.122144		f	f	f	f	f	f	f										2026-02-15 15:02:53.753465-05	2026-02-15 15:02:53.75347-05	0.9	t	Imported from NCES via exact_name match.	Tulane University of Louisiana	nces_arcgis	https://nces.ed.gov/opengis/rest/services/Postsecondary_School_Locations/EDGE_GEOCODE_POSTSECONDARYSCH_2223/MapServer/0	review	2026-02-16 13:11:45.004558-05	Tulane University of Louisiana	2022-2023	160755	active	5	unknown	unknown	City: Large
182	Tufts University	FALSE	Club	\N	\N	ClubSports@tufts.edu	1994-02-03	\N					M	Medford	MA	02155	M, Medford, MA, 02155, USA	42.40855, -71.118293	42.40855	-71.118293		f	f	f	f	f	f	f										2026-02-15 15:02:53.957956-05	2026-02-15 15:02:53.957961-05	0.9	t	Imported from NCES via exact_name match.	Tufts University	nces_arcgis	https://nces.ed.gov/opengis/rest/services/Postsecondary_School_Locations/EDGE_GEOCODE_POSTSECONDARYSCH_2223/MapServer/0	review	2026-02-16 13:11:45.881558-05	Tufts University	2022-2023	168148	active	7	unknown	unknown	Suburb: Large
120	The College of Wooster	FALSE	Club	\N	\N	jzimmer@wooster.edu	2018-12-31	\N					1189 Beall Avenue	Wooster	OH	44691	1189 Beall Avenue, Wooster, OH, 44691, USA	40.81046, -81.934674	40.81046	-81.934674		f	f	f	f	f	f	f										2026-02-15 15:02:53.827908-05	2026-02-15 15:02:53.827919-05	0.9	t	Imported from NCES via exact_name match.	The College of Wooster	nces_arcgis	https://nces.ed.gov/opengis/rest/services/Postsecondary_School_Locations/EDGE_GEOCODE_POSTSECONDARYSCH_2223/MapServer/0	review	2026-02-16 13:11:53.50295-05	The College of Wooster	2022-2023	206589	active	6	unknown	unknown	Town: Distant
84	The University of Tennessee at Chattanooga	FALSE	Club	\N	\N	eddirck-brooks@utc.edu	2006-08-23	\N					615 McCallie Ave	Chattanooga	TN	37403	615 McCallie Ave, Chattanooga, TN, 37403, USA	35.047519, -85.300247	35.047519	-85.300247		f	f	f	f	f	f	f										2026-02-15 15:02:53.75161-05	2026-02-15 15:02:53.751615-05	0.9	t	Imported from NCES via exact_name match.	The University of Tennessee-Chattanooga	nces_arcgis	https://nces.ed.gov/opengis/rest/services/Postsecondary_School_Locations/EDGE_GEOCODE_POSTSECONDARYSCH_2223/MapServer/0	review	2026-02-16 13:11:57.62762-05	The University of Tennessee-Chattanooga	2022-2023	221740	active	5	unknown	unknown	City: Midsize
83	The University of Tennessee	FALSE	Club	\N	\N	donna-mount@utk.edu	2006-01-10	\N					3500 John A. Merritt Blvd	Nashville	TN	37209	3500 John A. Merritt Blvd, Nashville, TN, 37209, USA	36.166321, -86.828275	36.166321	-86.828275		f	f	f	f	f	f	f										2026-02-15 15:02:53.749712-05	2026-02-15 15:02:53.749716-05	0.9	t	Imported from NCES via exact_name match.	Tennessee State University	nces_arcgis	https://nces.ed.gov/opengis/rest/services/Postsecondary_School_Locations/EDGE_GEOCODE_POSTSECONDARYSCH_2223/MapServer/0	review	2026-02-16 13:11:57.629608-05	Tennessee State University	2022-2023	221838	active	5	unknown	unknown	City: Large
246	The University of Texas at Austin	FALSE	Club	\N	\N	utxcycling@gmail.com	1993-12-07	\N					110 Inner Campus Drive	Austin	TX	78705	110 Inner Campus Drive, Austin, TX, 78705, USA	30.282825, -97.738273	30.282825	-97.738273		f	f	f	f	f	f	f										2026-02-15 15:02:54.100066-05	2026-02-15 15:02:54.100071-05	0.9	t	Imported from NCES via exact_name match.	The University of Texas at Austin	nces_arcgis	https://nces.ed.gov/opengis/rest/services/Postsecondary_School_Locations/EDGE_GEOCODE_POSTSECONDARYSCH_2223/MapServer/0	review	2026-02-16 13:11:58.410823-05	The University of Texas at Austin	2022-2023	228778	active	1	unknown	unknown	City: Large
40	University of Denver	FALSE	Club	\N	\N	clubimsports@du.edu	2002-06-03	\N					1111 W. Colfax Ave.	Denver	CO	80204	1111 W. Colfax Ave., Denver, CO, 80204, USA	39.741413, -105.001044	39.741413	-105.001044		f	f	f	f	f	f	f										2026-02-15 15:02:53.659271-05	2026-02-15 15:02:53.659275-05	0.9	t	Imported from NCES via exact_name match.	Community College of Denver	nces_arcgis	https://nces.ed.gov/opengis/rest/services/Postsecondary_School_Locations/EDGE_GEOCODE_POSTSECONDARYSCH_2223/MapServer/0	review	2026-02-16 13:11:39.512199-05	University of Denver	2022-2023	127060	active	2	unknown	unknown	City: Large
185	University of Connecticut	FALSE	Club	\N	\N	contact@uconncycling.com	1994-01-11	\N					270 Mohegan Avenue	New London	CT	06320	270 Mohegan Avenue, New London, CT, 06320, USA	41.379833, -72.107321	41.379833	-72.107321		f	f	f	f	f	f	f										2026-02-15 15:02:53.964285-05	2026-02-15 15:02:53.96429-05	0.9	t	Imported from NCES via exact_name match.	Connecticut College	nces_arcgis	https://nces.ed.gov/opengis/rest/services/Postsecondary_School_Locations/EDGE_GEOCODE_POSTSECONDARYSCH_2223/MapServer/0	review	2026-02-16 13:11:39.565964-05	University of Connecticut	2022-2023	129020	active	7	unknown	unknown	Suburb: Large
186	University of Delaware	FALSE	Club	\N	\N	glennf@udel.edu	2022-12-31	\N					1200 N. Dupont Highway	Dover	DE	19901	1200 N. Dupont Highway, Dover, DE, 19901, USA	39.187173, -75.54053	39.187173	-75.54053		f	f	f	f	f	f	f										2026-02-15 15:02:53.96657-05	2026-02-15 15:02:53.966575-05	0.9	t	Imported from NCES via exact_name match.	Delaware State University	nces_arcgis	https://nces.ed.gov/opengis/rest/services/Postsecondary_School_Locations/EDGE_GEOCODE_POSTSECONDARYSCH_2223/MapServer/0	review	2026-02-16 13:11:39.863638-05	University of Delaware	2022-2023	130943	active	7	unknown	unknown	Suburb: Large
121	University of Chicago	FALSE	Club	\N	\N	pankaidi@uchicago.edu	2006-02-08	\N					9501 S. King Drive	Chicago	IL	60628	9501 S. King Drive, Chicago, IL, 60628, USA	41.718446, -87.609384	41.718446	-87.609384		f	f	f	f	f	f	f										2026-02-15 15:02:53.830645-05	2026-02-15 15:02:53.830651-05	0.9	t	Imported from NCES via exact_name match.	Chicago State University	nces_arcgis	https://nces.ed.gov/opengis/rest/services/Postsecondary_School_Locations/EDGE_GEOCODE_POSTSECONDARYSCH_2223/MapServer/0	review	2026-02-16 13:11:41.32203-05	University of Chicago	2022-2023	144050	active	6	unknown	unknown	City: Large
210	University of Kansas	FALSE	Club	\N	\N	kucyclingteam@gmail.com	1995-01-27	\N					Strong Hall, 1450 Jayhawk Blvd, Room 230	Lawrence	KS	66045	Strong Hall, 1450 Jayhawk Blvd, Room 230, Lawrence, KS, 66045, USA	38.958549, -95.247567	38.958549	-95.247567		f	f	f	f	f	f	f										2026-02-15 15:02:54.019269-05	2026-02-15 15:02:54.019275-05	0.9	t	Imported from NCES via exact_name match.	University of Kansas	nces_arcgis	https://nces.ed.gov/opengis/rest/services/Postsecondary_School_Locations/EDGE_GEOCODE_POSTSECONDARYSCH_2223/MapServer/0	review	2026-02-16 13:11:44.146234-05	Kansas State University	2022-2023	155399	active	9	unknown	unknown	City: Small
17	University of Maryland-Baltimore County	FALSE	Club	\N	\N	Kristen2@umbc.edu	2000-10-02	\N					1000 Hilltop Circle	Baltimore	MD	21250	1000 Hilltop Circle, Baltimore, MD, 21250, USA	39.256686, -76.711607	39.256686	-76.711607		f	f	f	f	f	f	f										2026-02-15 15:02:53.61109-05	2026-02-15 15:02:53.611096-05	0.9	t	Imported from NCES via exact_name match.	University of Maryland-Baltimore County	nces_arcgis	https://nces.ed.gov/opengis/rest/services/Postsecondary_School_Locations/EDGE_GEOCODE_POSTSECONDARYSCH_2223/MapServer/0	review	2026-02-16 13:11:45.281699-05	Community College of Baltimore County	2022-2023	434672	active	3	unknown	unknown	Suburb: Large
89	University of Florida	FALSE	Club	\N	\N	jbroska@ufsa.ufl.edu	1996-10-14	\N					Tigert Hall	Gainesville	FL	32611	Tigert Hall, Gainesville, FL, 32611, USA	29.64629, -82.347911	29.64629	-82.347911		f	f	f	f	f	f	f										2026-02-15 15:02:53.761126-05	2026-02-23 13:30:00.748994-05	1	f	Imported from NCES via unitid match.	University of Florida	nces_arcgis	https://nces.ed.gov/opengis/rest/services/Postsecondary_School_Locations/EDGE_GEOCODE_POSTSECONDARYSCH_2223/MapServer/0	geocoded	2026-02-23 13:35:06.640203-05	University of Florida	2022-2023	134130	active	5	unknown	unknown	City: Midsize
122	University of Cincinnati	FALSE	Club	\N	\N	altizehj@mail.uc.edu	1996-10-16	\N					2624 Clifton Avenue	Cincinnati	OH	45221	2624 Clifton Avenue, Cincinnati, OH, 45221, USA	39.131159, -84.51428	39.131159	-84.51428		f	f	f	f	f	f	f										2026-02-15 15:02:53.833348-05	2026-02-23 13:30:00.775656-05	1	f	Imported from NCES via unitid match.	University of Cincinnati-Main Campus	nces_arcgis	https://nces.ed.gov/opengis/rest/services/Postsecondary_School_Locations/EDGE_GEOCODE_POSTSECONDARYSCH_2223/MapServer/0	geocoded	2026-02-23 13:35:09.964174-05	University of Cincinnati-Main Campus	2022-2023	201885	active	6	unknown	unknown	City: Large
37	University of Colorado Boulder	FALSE	Club	\N	\N	cycling@colorado.edu	1994-02-24	\N					Regent Drive at Broadway	Boulder	CO	80309	Regent Drive at Broadway, Boulder, CO, 80309, USA	40.008781, -105.270823	40.008781	-105.270823		f	f	f	f	f	f	f										2026-02-15 15:02:53.653216-05	2026-02-15 15:02:53.653221-05	0.9	t	Imported from NCES via exact_name match.	University of Colorado Boulder	nces_arcgis	https://nces.ed.gov/opengis/rest/services/Postsecondary_School_Locations/EDGE_GEOCODE_POSTSECONDARYSCH_2223/MapServer/0	review	2026-02-16 13:11:39.508379-05	University of Colorado Boulder	2022-2023	126614	active	2	unknown	unknown	City: Midsize
123	University of Illinois at Urbana-Champaign	FALSE	Club	\N	\N	yahdielroman@gmail.com	1994-01-11	\N					601 E John Street	Champaign	IL	61820	601 E John Street, Champaign, IL, 61820, USA	40.104718, -88.229114	40.104718	-88.229114		f	f	f	f	f	f	f										2026-02-15 15:02:53.83584-05	2026-02-15 15:02:53.835845-05	0.9	t	Imported from NCES via exact_name match.	University of Illinois Urbana-Champaign	nces_arcgis	https://nces.ed.gov/opengis/rest/services/Postsecondary_School_Locations/EDGE_GEOCODE_POSTSECONDARYSCH_2223/MapServer/0	review	2026-02-16 13:11:42.702199-05	University of Illinois Urbana-Champaign	2022-2023	145637	active	6	unknown	unknown	City: Small
124	University of Louisville	FALSE	Club	\N	\N	UofLcycling@gmail.com	2006-10-25	\N					2301 S 3rd St	Louisville	KY	40292	2301 S 3rd St, Louisville, KY, 40292, USA	38.216862, -85.760412	38.216862	-85.760412		f	f	f	f	f	f	f										2026-02-15 15:02:53.837826-05	2026-02-15 15:02:53.837833-05	0.9	t	Imported from NCES via exact_name match.	University of Louisville	nces_arcgis	https://nces.ed.gov/opengis/rest/services/Postsecondary_School_Locations/EDGE_GEOCODE_POSTSECONDARYSCH_2223/MapServer/0	review	2026-02-16 13:11:44.524331-05	University of Louisville	2022-2023	157289	active	6	unknown	unknown	City: Large
249	University of Louisiana-Lafayette	FALSE	Club	\N	\N	jlw4594@louisiana.edu	2006-03-28	\N					104 University Circle	Lafayette	LA	70503	104 University Circle, Lafayette, LA, 70503, USA	30.212191, -92.020165	30.212191	-92.020165		f	f	f	f	f	f	f										2026-02-15 15:02:54.106604-05	2026-02-15 15:02:54.106609-05	0.9	t	Imported from NCES via exact_name match.	University of Louisiana at Lafayette	nces_arcgis	https://nces.ed.gov/opengis/rest/services/Postsecondary_School_Locations/EDGE_GEOCODE_POSTSECONDARYSCH_2223/MapServer/0	review	2026-02-16 13:11:44.997266-05	University of Louisiana at Lafayette	2022-2023	160658	active	1	unknown	unknown	City: Midsize
18	University of Maryland-College Park	FALSE	Club	\N	\N	terpscycling@gmail.com	1997-03-10	\N					M	College Park	MD	20742	M, College Park, MD, 20742, USA	38.988178, -76.944721	38.988178	-76.944721		f	f	f	f	f	f	f										2026-02-15 15:02:53.613398-05	2026-02-15 15:02:53.613404-05	0.9	t	Imported from NCES via exact_name match.	University of Maryland-College Park	nces_arcgis	https://nces.ed.gov/opengis/rest/services/Postsecondary_School_Locations/EDGE_GEOCODE_POSTSECONDARYSCH_2223/MapServer/0	review	2026-02-16 13:11:45.283265-05	Maryland Institute College of Art	2022-2023	163295	active	3	unknown	unknown	City: Large
125	University of Michigan-Ann Arbor	FALSE	Club	\N	\N	aeburm@umich.edu	1994-01-21	\N					503 Thompson Street	Ann Arbor	MI	48109	503 Thompson Street, Ann Arbor, MI, 48109, USA	42.275921, -83.742769	42.275921	-83.742769		f	f	f	f	f	f	f										2026-02-15 15:02:53.840039-05	2026-02-15 15:02:53.840047-05	0.9	t	Imported from NCES via exact_name match.	University of Michigan-Ann Arbor	nces_arcgis	https://nces.ed.gov/opengis/rest/services/Postsecondary_School_Locations/EDGE_GEOCODE_POSTSECONDARYSCH_2223/MapServer/0	review	2026-02-16 13:11:46.297954-05	University of Michigan-Dearborn	2022-2023	171137	active	6	unknown	unknown	City: Midsize
91	University of Mississippi	FALSE	Club	\N	\N	ptdawkin@go.olemiss.edu	2018-12-31	\N					Oxford, Mississippi	University	MS	38677	Oxford, Mississippi, University, MS, 38677, USA	34.365529, -89.537434	34.365529	-89.537434		f	f	f	f	f	f	f										2026-02-15 15:02:53.766832-05	2026-02-15 15:02:53.766837-05	0.9	t	Imported from NCES via exact_name match.	University of Mississippi	nces_arcgis	https://nces.ed.gov/opengis/rest/services/Postsecondary_School_Locations/EDGE_GEOCODE_POSTSECONDARYSCH_2223/MapServer/0	review	2026-02-16 13:11:47.13809-05	Mississippi Community College Board	2022-2023	247737	active	5	unknown	unknown	City: Midsize
212	University of Minnesota-Twin Cities	FALSE	Club	\N	\N	umnct@umn.edu	1996-03-19	\N					100 Church Street SE	Minneapolis	MN	55455	100 Church Street SE, Minneapolis, MN, 55455, USA	44.972851, -93.235464	44.972851	-93.235464		f	f	f	f	f	f	f										2026-02-15 15:02:54.023804-05	2026-02-15 15:02:54.023809-05	0.9	t	Imported from NCES via exact_name match.	University of Minnesota-Twin Cities	nces_arcgis	https://nces.ed.gov/opengis/rest/services/Postsecondary_School_Locations/EDGE_GEOCODE_POSTSECONDARYSCH_2223/MapServer/0	review	2026-02-16 13:11:46.751732-05	University of Minnesota-Twin Cities	2022-2023	174066	active	9	unknown	unknown	City: Large
211	University of Minnesota-Duluth	FALSE	Club	\N	\N	nokramer@d.umn.edu	2007-02-01	\N					515 Darland Administration Bldg	Duluth	MN	55812	515 Darland Administration Bldg, Duluth, MN, 55812, USA	46.817126, -92.084385	46.817126	-92.084385		f	f	f	f	f	f	f										2026-02-15 15:02:54.021788-05	2026-02-15 15:02:54.021795-05	0.9	t	Imported from NCES via exact_name match.	University of Minnesota-Duluth	nces_arcgis	https://nces.ed.gov/opengis/rest/services/Postsecondary_School_Locations/EDGE_GEOCODE_POSTSECONDARYSCH_2223/MapServer/0	review	2026-02-16 13:11:46.784579-05	University of Minnesota-Duluth	2022-2023	174233	active	9	unknown	unknown	City: Small
126	University of Missouri-Columbia	FALSE	Club	\N	\N	mizzoucycling@gmail.com	1994-02-16	\N					105 Jesse Hall	Columbia	MO	65211	105 Jesse Hall, Columbia, MO, 65211, USA	38.94531, -92.328843	38.94531	-92.328843		f	f	f	f	f	f	f										2026-02-15 15:02:53.84203-05	2026-02-15 15:02:53.842035-05	0.9	t	Imported from NCES via exact_name match.	University of Missouri-Columbia	nces_arcgis	https://nces.ed.gov/opengis/rest/services/Postsecondary_School_Locations/EDGE_GEOCODE_POSTSECONDARYSCH_2223/MapServer/0	review	2026-02-16 13:11:48.961613-05	University of Missouri-Columbia	2022-2023	178396	active	6	unknown	unknown	City: Midsize
213	University of Nebraska-Lincoln	FALSE	Club	\N	\N	u.nebraskacyclingclub@gmail.com	2000-02-18	\N					1400 R Street	Lincoln	NE	68588	1400 R Street, Lincoln, NE, 68588, USA	40.817598, -96.700508	40.817598	-96.700508		f	f	f	f	f	f	f										2026-02-15 15:02:54.02572-05	2026-02-15 15:02:54.025725-05	0.9	t	Imported from NCES via exact_name match.	University of Nebraska-Lincoln	nces_arcgis	https://nces.ed.gov/opengis/rest/services/Postsecondary_School_Locations/EDGE_GEOCODE_POSTSECONDARYSCH_2223/MapServer/0	review	2026-02-16 13:11:49.386818-05	University of Nebraska-Lincoln	2022-2023	181464	active	9	unknown	unknown	City: Large
19	University of North Carolina at Chapel Hill	FALSE	Club	\N	\N	uncchcycling@gmail.com	1999-02-19	\N					103 South Bldg Cb 9100	Chapel Hill	NC	27599	103 South Bldg Cb 9100, Chapel Hill, NC, 27599, USA	35.911769, -79.050969	35.911769	-79.050969		f	f	f	f	f	f	f										2026-02-15 15:02:53.615365-05	2026-02-15 15:02:53.615369-05	0.9	t	Imported from NCES via exact_name match.	University of North Carolina at Chapel Hill	nces_arcgis	https://nces.ed.gov/opengis/rest/services/Postsecondary_School_Locations/EDGE_GEOCODE_POSTSECONDARYSCH_2223/MapServer/0	review	2026-02-16 13:11:52.196546-05	University of North Carolina at Chapel Hill	2022-2023	199120	active	3	unknown	unknown	City: Small
188	University of Massachusetts Amherst	FALSE	Club	\N	\N	cycling@umass.edu	1998-01-22	\N					374 Whitmore Building 181 Presidents Drive	Amherst	MA	01003	374 Whitmore Building 181 Presidents Drive, Amherst, MA, 01003, USA	42.385999, -72.526728	42.385999	-72.526728		f	f	f	f	f	f	f										2026-02-15 15:02:53.970912-05	2026-02-15 15:02:53.97092-05	0.9	t	Imported from NCES via exact_name match.	University of Massachusetts-Amherst	nces_arcgis	https://nces.ed.gov/opengis/rest/services/Postsecondary_School_Locations/EDGE_GEOCODE_POSTSECONDARYSCH_2223/MapServer/0	review	2026-02-16 13:11:45.660622-05	Massachusetts School of Law	2022-2023	369002	active	7	unknown	unknown	Suburb: Large
250	University of North Texas	FALSE	Club	\N	\N	untcyclingclub@gmail.com	2008-03-06	\N					1501 W.Chestnut Ave.	Denton	TX	76203	1501 W.Chestnut Ave., Denton, TX, 76203, USA	33.211178, -97.148422	33.211178	-97.148422		f	f	f	f	f	f	f										2026-02-15 15:02:54.108593-05	2026-02-15 15:02:54.108598-05	0.9	t	Imported from NCES via exact_name match.	University of North Texas	nces_arcgis	https://nces.ed.gov/opengis/rest/services/Postsecondary_School_Locations/EDGE_GEOCODE_POSTSECONDARYSCH_2223/MapServer/0	review	2026-02-16 13:11:58.109047-05	South Texas College	2022-2023	409315	active	1	unknown	unknown	City: Midsize
92	University of North Georgia	FALSE	Club	\N	\N	ungdahsportclubs@gmail.com	2015-08-06	\N					82 College Circle	Dahlonega	GA	30597	82 College Circle, Dahlonega, GA, 30597, USA	34.530219, -83.985694	34.530219	-83.985694		f	f	f	f	f	f	f										2026-02-15 15:02:53.76871-05	2026-02-15 15:02:53.768714-05	0.9	t	Imported from NCES via exact_name match.	University of North Georgia	nces_arcgis	https://nces.ed.gov/opengis/rest/services/Postsecondary_School_Locations/EDGE_GEOCODE_POSTSECONDARYSCH_2223/MapServer/0	review	2026-02-16 13:12:14.992581-05	South Georgia State College	2022-2023	482699	active	5	unknown	unknown	Town: Remote
251	University of Oklahoma	FALSE	Club	\N	\N	oucycling@gmail.com	2009-01-21	\N					660 Parrington Oval	Norman	OK	73019	660 Parrington Oval, Norman, OK, 73019, USA	35.209407, -97.444211	35.209407	-97.444211		f	f	f	f	f	f	f										2026-02-15 15:02:54.110781-05	2026-02-23 13:30:00.900221-05	1	f	Imported from NCES via unitid match.	University of Oklahoma-Norman Campus	nces_arcgis	https://nces.ed.gov/opengis/rest/services/Postsecondary_School_Locations/EDGE_GEOCODE_POSTSECONDARYSCH_2223/MapServer/0	geocoded	2026-02-23 13:35:10.315106-05	University of Oklahoma-Norman Campus	2022-2023	207500	active	1	unknown	unknown	Suburb: Midsize
193	University of Rochester	FALSE	Club	\N	\N	kyle.demanincor@rochester.edu	1994-02-24	\N					252 Elmwood Ave.	Rochester	NY	14627	252 Elmwood Ave. Rochester, NY 14627	43.1239625,-77.6341723	43.1239625	-77.6341723		f	f	f	f	f	f	f										2026-02-15 15:02:53.982312-05	2026-02-16 14:27:48.359209-05	0.9	t	Imported from NCES via exact_name match.	Rochester University	nces_arcgis	https://nces.ed.gov/opengis/rest/services/Postsecondary_School_Locations/EDGE_GEOCODE_POSTSECONDARYSCH_2223/MapServer/0	geocoded	2026-02-16 13:11:46-05	University of Rochester	2022-2023	195030	active	7	unknown	unknown	City: Midsize
127	University of Notre Dame	FALSE	Club	\N	\N	ndclubsports@nd.edu	2006-02-23	\N					400 Main Building	Notre Dame	IN	46556	400 Main Building, Notre Dame, IN, 46556, USA	41.703058, -86.238959	41.703058	-86.238959		f	f	f	f	f	f	f										2026-02-15 15:02:53.843863-05	2026-02-15 15:02:53.843867-05	0.9	t	Imported from NCES via exact_name match.	University of Notre Dame	nces_arcgis	https://nces.ed.gov/opengis/rest/services/Postsecondary_School_Locations/EDGE_GEOCODE_POSTSECONDARYSCH_2223/MapServer/0	review	2026-02-16 13:11:43.553804-05	Notre Dame College	2022-2023	204468	active	6	unknown	unknown	Suburb: Large
192	University of Rhode Island	FALSE	Club	\N	\N	soc@rhodysenate.org	2022-12-31	\N					600 Mount Pleasant Ave	Providence	RI	02908	600 Mount Pleasant Ave, Providence, RI, 02908, USA	41.842415, -71.46556	41.842415	-71.46556		f	f	f	f	f	f	f										2026-02-15 15:02:53.979885-05	2026-02-15 15:02:53.97989-05	0.9	t	Imported from NCES via exact_name match.	Rhode Island College	nces_arcgis	https://nces.ed.gov/opengis/rest/services/Postsecondary_School_Locations/EDGE_GEOCODE_POSTSECONDARYSCH_2223/MapServer/0	review	2026-02-16 13:11:57.134491-05	University of Rhode Island	2022-2023	217484	active	7	unknown	unknown	Suburb: Large
194	University of Vermont	TRUE	Club	\N	\N	cycling@uvm.edu	1993-12-29	\N					660 Elm Street	Montpelier	VT	05602	660 Elm Street, Montpelier, VT, 05602, USA	44.280811, -72.573774	44.280811	-72.573774		f	f	f	f	f	f	f										2026-02-15 15:02:53.98451-05	2026-02-15 15:02:53.984515-05	0.9	t	Imported from NCES via exact_name match.	Community College of Vermont	nces_arcgis	https://nces.ed.gov/opengis/rest/services/Postsecondary_School_Locations/EDGE_GEOCODE_POSTSECONDARYSCH_2223/MapServer/0	review	2026-02-16 13:11:58.684389-05	University of Vermont	2022-2023	231174	active	7	unknown	unknown	City: Small
229	University of Puget Sound	FALSE	Club	\N	\N	ahaslem@pugetsound.edu	2018-12-31	\N					1500 N. Warner Street	Tacoma	WA	98416	1500 N. Warner Street, Tacoma, WA, 98416, USA	47.26308, -122.478982	47.26308	-122.478982		f	f	f	f	f	f	f										2026-02-15 15:02:54.061353-05	2026-02-15 15:02:54.061359-05	0.9	t	Imported from NCES via exact_name match.	University of Puget Sound	nces_arcgis	https://nces.ed.gov/opengis/rest/services/Postsecondary_School_Locations/EDGE_GEOCODE_POSTSECONDARYSCH_2223/MapServer/0	review	2026-02-16 13:11:58.952544-05	South Puget Sound Community College	2022-2023	236656	active	8	unknown	unknown	City: Small
93	University of South Florida	FALSE	Club	\N	\N	usfcycling2@gmail.com	2006-11-14	\N					600 W College Dr	Avon Park	FL	33825	600 W College Dr, Avon Park, FL, 33825, USA	27.56974, -81.508667	27.56974	-81.508667		f	f	f	f	f	f	f										2026-02-15 15:02:53.770602-05	2026-02-15 15:02:53.770606-05	0.9	t	Imported from NCES via exact_name match.	South Florida State College	nces_arcgis	https://nces.ed.gov/opengis/rest/services/Postsecondary_School_Locations/EDGE_GEOCODE_POSTSECONDARYSCH_2223/MapServer/0	review	2026-02-16 13:11:40.570128-05	Aveda Institute-South Florida	2022-2023	451149	active	5	unknown	unknown	Suburb: Large
191	University of Pittsburgh	FALSE	Club	\N	\N	hje2@pitt.edu	2002-02-12	\N					1701 S Broadway	Pittsburg	KS	66762	1701 S Broadway, Pittsburg, KS, 66762, USA	37.392071, -94.702473	37.392071	-94.702473		f	f	f	f	f	f	f										2026-02-15 15:02:53.977551-05	2026-02-15 15:02:53.977556-05	0.9473684210526315	f	Imported from NCES via fuzzy match.	Pittsburg State University	nces_arcgis	https://nces.ed.gov/opengis/rest/services/Postsecondary_School_Locations/EDGE_GEOCODE_POSTSECONDARYSCH_2223/MapServer/0	geocoded	2026-02-16 13:11:44.2538-05	Pittsburg State University	2022-2023	155681	active	7	unknown	unknown	Town: Distant
252	University of Texas at Arlington	FALSE	Club	\N	\N	travis.lankford@uta.edu	2011-09-21	\N					701 S. Nedderman Dr.	Arlington	TX	76013	701 S. Nedderman Dr., Arlington, TX, 76013, USA	32.729718, -97.11296	32.729718	-97.11296		f	f	f	f	f	f	f										2026-02-15 15:02:54.112985-05	2026-02-15 15:02:54.11299-05	0.9	t	Imported from NCES via exact_name match.	The University of Texas at Arlington	nces_arcgis	https://nces.ed.gov/opengis/rest/services/Postsecondary_School_Locations/EDGE_GEOCODE_POSTSECONDARYSCH_2223/MapServer/0	review	2026-02-16 13:11:58.408877-05	The University of Texas at Arlington	2022-2023	228769	active	1	unknown	unknown	City: Large
20	University of Virginia	FALSE	Club	\N	\N	sb7ej@virginia.edu	1994-02-14	\N					1 Hayden Drive	Petersburg	VA	23806	1 Hayden Drive, Petersburg, VA, 23806, USA	37.234692, -77.419026	37.234692	-77.419026		f	f	f	f	f	f	f										2026-02-15 15:02:53.617634-05	2026-02-15 15:02:53.617639-05	0.9	t	Imported from NCES via exact_name match.	Virginia State University	nces_arcgis	https://nces.ed.gov/opengis/rest/services/Postsecondary_School_Locations/EDGE_GEOCODE_POSTSECONDARYSCH_2223/MapServer/0	review	2026-02-16 13:11:58.773359-05	Virginia State University	2022-2023	234155	active	3	unknown	unknown	Suburb: Large
230	University of Washington-Seattle	FALSE	Club	\N	\N	natekai99@gmail.com	1994-01-21	\N					1400 NE Campus Parkway	Seattle	WA	98195	1400 NE Campus Parkway, Seattle, WA, 98195, USA	47.65538, -122.30514	47.65538	-122.30514		f	f	f	f	f	f	f										2026-02-15 15:02:54.063612-05	2026-02-15 15:02:54.063617-05	0.9	t	Imported from NCES via exact_name match.	University of Washington-Seattle Campus	nces_arcgis	https://nces.ed.gov/opengis/rest/services/Postsecondary_School_Locations/EDGE_GEOCODE_POSTSECONDARYSCH_2223/MapServer/0	review	2026-02-16 13:11:59.059849-05	University of Washington-Seattle Campus	2022-2023	236948	active	8	unknown	unknown	City: Large
253	University of Texas-San Antonio	FALSE	Club	\N	\N	roadrunnercycling19@gmail.com	2009-02-19	\N					One UTSA Circle	San Antonio	TX	78249	One UTSA Circle, San Antonio, TX, 78249, USA	29.583709, -98.620657	29.583709	-98.620657		f	f	f	f	f	f	f										2026-02-15 15:02:54.115426-05	2026-02-15 15:02:54.115431-05	0.9	t	Imported from NCES via exact_name match.	The University of Texas at San Antonio	nces_arcgis	https://nces.ed.gov/opengis/rest/services/Postsecondary_School_Locations/EDGE_GEOCODE_POSTSECONDARYSCH_2223/MapServer/0	review	2026-02-16 13:11:58.455554-05	Texas A&M University-San Antonio	2022-2023	459949	active	1	unknown	unknown	Rural: Fringe
195	US Military Academy	FALSE	Club	\N	\N	richard.gash@westpoint.edu	2002-10-31	\N					606 Thayer Rd	West  Point	NY	10996	606 Thayer Rd, West  Point, NY, 10996, USA	41.388988, -73.956772	41.388988	-73.956772		f	f	f	f	f	f	f										2026-02-15 15:02:53.986902-05	2026-02-23 13:30:00.855321-05	1	f	Imported from NCES via unitid match.	United States Military Academy	nces_arcgis	https://nces.ed.gov/opengis/rest/services/Postsecondary_School_Locations/EDGE_GEOCODE_POSTSECONDARYSCH_2223/MapServer/0	geocoded	2026-02-23 13:35:09.713581-05	United States Military Academy	2022-2023	197036	active	7	unknown	unknown	Town: Fringe
63	Warren Wilson College	FALSE	Varsity	\N	\N	mgallagher@warren-wilson.edu	1997-07-28	\N					701 Warren Wilson Rd	Swannanoa	NC	28778	701 Warren Wilson Rd, Swannanoa, NC, 28778, USA	35.610328, -82.442619	35.610328	-82.442619		f	f	f	f	f	f	f										2026-02-15 15:02:53.708182-05	2026-02-15 15:02:53.708187-05	0.9	t	Imported from NCES via exact_name match.	Warren Wilson College	nces_arcgis	https://nces.ed.gov/opengis/rest/services/Postsecondary_School_Locations/EDGE_GEOCODE_POSTSECONDARYSCH_2223/MapServer/0	review	2026-02-16 13:11:52.376985-05	Warren Wilson College	2022-2023	199865	active	5	unknown	unknown	Suburb: Large
231	Warner Pacific University	FALSE	Club	\N	\N	sbenesh@warnerpacific.edu	2018-07-09	\N					2219 SE 68th Ave	Portland	OR	97215	2219 SE 68th Ave, Portland, OR, 97215, USA	45.506265, -122.592498	45.506265	-122.592498		f	f	f	f	f	f	f										2026-02-15 15:02:54.066189-05	2026-02-15 15:02:54.066194-05	0.9	t	Imported from NCES via exact_name match.	Warner Pacific University	nces_arcgis	https://nces.ed.gov/opengis/rest/services/Postsecondary_School_Locations/EDGE_GEOCODE_POSTSECONDARYSCH_2223/MapServer/0	review	2026-02-16 13:11:55.737722-05	Warner Pacific University	2022-2023	210304	active	8	unknown	unknown	City: Large
204	Utah Valley University	FALSE	Club	\N	\N	agebers@uvu.edu	2007-09-06	\N					800 W University Parkway	Orem	UT	84058	800 W University Parkway, Orem, UT, 84058, USA	40.281078, -111.716456	40.281078	-111.716456		f	f	f	f	f	f	f										2026-02-15 15:02:54.006476-05	2026-02-15 15:02:54.006481-05	0.9	t	Imported from NCES via exact_name match.	Utah Valley University	nces_arcgis	https://nces.ed.gov/opengis/rest/services/Postsecondary_School_Locations/EDGE_GEOCODE_POSTSECONDARYSCH_2223/MapServer/0	review	2026-02-16 13:11:58.667902-05	Utah Valley University	2022-2023	230737	active	10	unknown	unknown	City: Small
196	Vermont Technical College	FALSE	Club	\N	\N	caitlynclark@vtc.edu	2006-09-20	\N					124 Admin Drive	Randolph	VT	05061	124 Admin Drive, Randolph, VT, 05061, USA	43.939623, -72.604498	43.939623	-72.604498		f	f	f	f	f	f	f										2026-02-15 15:02:53.989151-05	2026-02-15 15:02:53.989156-05	0.9	t	Imported from NCES via exact_name match.	Vermont Technical College	nces_arcgis	https://nces.ed.gov/opengis/rest/services/Postsecondary_School_Locations/EDGE_GEOCODE_POSTSECONDARYSCH_2223/MapServer/0	review	2026-02-16 13:11:58.745215-05	Vermont Technical College	2022-2023	231165	active	7	unknown	unknown	Rural: Remote
23	Virginia Polytechnic University	FALSE	Club	\N	\N	jrhoads@vt.edu	1993-12-01	\N					210 Burruss Hall, 800 Drillfield Dr.	Blacksburg	VA	24061	210 Burruss Hall, 800 Drillfield Dr., Blacksburg, VA, 24061, USA	37.229012, -80.423675	37.229012	-80.423675		f	f	f	f	f	f	f										2026-02-15 15:02:53.624757-05	2026-02-15 15:02:53.624762-05	0.9	t	Imported from NCES via exact_name match.	Virginia Polytechnic Institute and State University	nces_arcgis	https://nces.ed.gov/opengis/rest/services/Postsecondary_School_Locations/EDGE_GEOCODE_POSTSECONDARYSCH_2223/MapServer/0	review	2026-02-16 13:11:58.770739-05	Virginia Polytechnic Institute and State University	2022-2023	233921	active	3	unknown	unknown	City: Small
22	Virginia Commonwealth University	FALSE	Club	\N	\N	cyclingclubatvcu@gmail.com	1998-03-06	\N					910 W Franklin St	Richmond	VA	23284	910 W Franklin St, Richmond, VA, 23284, USA	37.54962, -77.452697	37.54962	-77.452697		f	f	f	f	f	f	f										2026-02-15 15:02:53.622308-05	2026-02-15 15:02:53.622314-05	0.9	t	Imported from NCES via exact_name match.	Virginia Commonwealth University	nces_arcgis	https://nces.ed.gov/opengis/rest/services/Postsecondary_School_Locations/EDGE_GEOCODE_POSTSECONDARYSCH_2223/MapServer/0	review	2026-02-16 13:11:58.772229-05	Virginia Commonwealth University	2022-2023	234030	active	3	unknown	unknown	City: Midsize
131	University of Wisconsin-Whitewater	FALSE	Club	\N	\N	frielj@uww.edu	2005-06-10	\N					800 W Main St	Whitewater	WI	53190	800 W Main St, Whitewater, WI, 53190, USA	42.835563, -88.742368	42.835563	-88.742368		f	f	f	f	f	f	f										2026-02-15 15:02:53.851999-05	2026-02-15 15:02:53.852003-05	0.9	t	Imported from NCES via exact_name match.	University of Wisconsin-Whitewater	nces_arcgis	https://nces.ed.gov/opengis/rest/services/Postsecondary_School_Locations/EDGE_GEOCODE_POSTSECONDARYSCH_2223/MapServer/0	review	2026-02-16 13:11:59.529635-05	University of Wisconsin-Whitewater	2022-2023	240189	active	6	unknown	unknown	Town: Distant
128	University of Wisconsin-Madison	FALSE	Club	\N	\N	wisconsincyclingclub@gmail.com	1997-02-14	\N					500 Lincoln Dr	Madison	WI	53706	500 Lincoln Dr, Madison, WI, 53706, USA	43.075409, -89.404098	43.075409	-89.404098		f	f	f	f	f	f	f										2026-02-15 15:02:53.845805-05	2026-02-15 15:02:53.84581-05	0.9	t	Imported from NCES via exact_name match.	University of Wisconsin-Madison	nces_arcgis	https://nces.ed.gov/opengis/rest/services/Postsecondary_School_Locations/EDGE_GEOCODE_POSTSECONDARYSCH_2223/MapServer/0	review	2026-02-16 13:11:59.599381-05	University of Wisconsin-Madison	2022-2023	240444	active	6	unknown	unknown	City: Large
129	University of Wisconsin-Platteville	FALSE	Club	\N	\N	uwpcycling@gmail.com	2006-01-05	\N					1 University Plaza	Platteville	WI	53818	1 University Plaza, Platteville, WI, 53818, USA	42.733451, -90.48622	42.733451	-90.48622		f	f	f	f	f	f	f										2026-02-15 15:02:53.848018-05	2026-02-15 15:02:53.848022-05	0.9	t	Imported from NCES via exact_name match.	University of Wisconsin-Platteville	nces_arcgis	https://nces.ed.gov/opengis/rest/services/Postsecondary_School_Locations/EDGE_GEOCODE_POSTSECONDARYSCH_2223/MapServer/0	review	2026-02-16 13:11:59.606288-05	University of Wisconsin-Platteville	2022-2023	240462	active	6	unknown	unknown	Town: Distant
130	University of Wisconsin-Stevens Point	FALSE	Club	\N	\N	sdran221@uwsp.edu	2001-09-10	\N					2100 Main St	Stevens Point	WI	54481	2100 Main St, Stevens Point, WI, 54481, USA	44.529582, -89.570934	44.529582	-89.570934		f	f	f	f	f	f	f										2026-02-15 15:02:53.850098-05	2026-02-15 15:02:53.850103-05	0.9	t	Imported from NCES via exact_name match.	University of Wisconsin-Stevens Point	nces_arcgis	https://nces.ed.gov/opengis/rest/services/Postsecondary_School_Locations/EDGE_GEOCODE_POSTSECONDARYSCH_2223/MapServer/0	review	2026-02-16 13:11:59.613647-05	University of Wisconsin-Stevens Point	2022-2023	240480	active	6	unknown	unknown	Town: Distant
42	University of Wyoming	FALSE	Club	\N	\N	clubsports@uwyo.edu	1993-12-29	\N					Corner of Ninth and Ivinson	Laramie	WY	82071	Corner of Ninth and Ivinson, Laramie, WY, 82071, USA	41.311773, -105.57931	41.311773	-105.57931		f	f	f	f	f	f	f										2026-02-15 15:02:53.663231-05	2026-02-15 15:02:53.663235-05	0.9	t	Imported from NCES via exact_name match.	University of Wyoming	nces_arcgis	https://nces.ed.gov/opengis/rest/services/Postsecondary_School_Locations/EDGE_GEOCODE_POSTSECONDARYSCH_2223/MapServer/0	review	2026-02-16 13:11:59.656753-05	University of Wyoming	2022-2023	240727	active	2	unknown	unknown	Town: Remote
200	Westminster College	FALSE	Varsity	\N	\N	smaaranen@westminstercollege.edu	2014-09-25	\N					1840 S 1300 E	Salt Lake City	UT	84105	1840 S 1300 E, Salt Lake City, UT 84105	40.7322524,-111.8564646	40.7322524	-111.8564646		f	f	f	f	f	f	f										2026-02-15 15:02:53.997781-05	2026-02-23 15:01:31.855313-05	0.9	t	Imported from NCES via exact_name match.	Westminster College	nces_arcgis	https://nces.ed.gov/opengis/rest/services/Postsecondary_School_Locations/EDGE_GEOCODE_POSTSECONDARYSCH_2223/MapServer/0	geocoded	2026-02-16 13:11:49-05	Westminster College	2022-2023	230807	active	10	unknown	unknown	City: Midsize
133	Western Illinois University	FALSE	Club	\N	\N	NS-knowles@wiv.edu	2018-12-31	\N					600 Lincoln Avenue	Charleston	IL	61920	600 Lincoln Avenue, Charleston, IL, 61920, USA	39.479843, -88.175658	39.479843	-88.175658		f	f	f	f	f	f	f										2026-02-15 15:02:53.856465-05	2026-02-15 15:02:53.85647-05	0.9375	f	Imported from NCES via fuzzy match.	Eastern Illinois University	nces_arcgis	https://nces.ed.gov/opengis/rest/services/Postsecondary_School_Locations/EDGE_GEOCODE_POSTSECONDARYSCH_2223/MapServer/0	geocoded	2026-02-16 13:11:41.443268-05	Western Illinois University	2022-2023	149772	active	6	unknown	unknown	Town: Remote
134	Western Michigan University	FALSE	Club	\N	\N	andre.rattray@wmich.edu	1994-03-29	\N					900 Oakwood St.	Ypsilanti	MI	48197	900 Oakwood St., Ypsilanti, MI, 48197, USA	42.251675, -83.627443	42.251675	-83.627443		f	f	f	f	f	f	f										2026-02-15 15:02:53.85865-05	2026-02-15 15:02:53.858655-05	0.9375	f	Imported from NCES via fuzzy match.	Eastern Michigan University	nces_arcgis	https://nces.ed.gov/opengis/rest/services/Postsecondary_School_Locations/EDGE_GEOCODE_POSTSECONDARYSCH_2223/MapServer/0	geocoded	2026-02-16 13:11:46.184284-05	Western Michigan University	2022-2023	172699	active	6	unknown	unknown	City: Small
94	Western Carolina University	FALSE	Club	\N	\N	mbirch@email.wcu.edu	1995-05-04	\N					Highway 107	Cullowhee	NC	28723	Highway 107, Cullowhee, NC, 28723, USA	35.308979, -83.186258	35.308979	-83.186258		f	f	f	f	f	f	f										2026-02-15 15:02:53.772427-05	2026-02-15 15:02:53.772431-05	0.9	t	Imported from NCES via exact_name match.	Western Carolina University	nces_arcgis	https://nces.ed.gov/opengis/rest/services/Postsecondary_School_Locations/EDGE_GEOCODE_POSTSECONDARYSCH_2223/MapServer/0	review	2026-02-16 13:11:52.425027-05	Western Carolina University	2022-2023	200004	active	5	unknown	unknown	Town: Distant
232	Washington State University	FALSE	Club	\N	\N	chris.acosta217@gmail.com	1994-02-28	\N					300 Washington Ave	Chestertown	MD	21620	300 Washington Ave, Chestertown, MD, 21620, USA	39.217329, -76.06878	39.217329	-76.06878		f	f	f	f	f	f	f										2026-02-15 15:02:54.068545-05	2026-02-15 15:02:54.068551-05	0.9	t	Imported from NCES via exact_name match.	Washington College	nces_arcgis	https://nces.ed.gov/opengis/rest/services/Postsecondary_School_Locations/EDGE_GEOCODE_POSTSECONDARYSCH_2223/MapServer/0	review	2026-02-16 13:11:45.376177-05	Washington State University	2022-2023	236939	active	8	unknown	unknown	Town: Distant
28	Western Colorado University	FALSE	Varsity	\N	\N	gchase@western.edu	1999-04-29	\N					1 Western Way	Gunnison	CO	81231	1 Western Way, Gunnison, CO, 81231, USA	38.549936, -106.919132	38.549936	-106.919132		f	f	f	f	f	f	f										2026-02-15 15:02:53.635341-05	2026-02-15 15:02:53.635346-05	0.9	t	Imported from NCES via exact_name match.	Western Colorado University	nces_arcgis	https://nces.ed.gov/opengis/rest/services/Postsecondary_School_Locations/EDGE_GEOCODE_POSTSECONDARYSCH_2223/MapServer/0	review	2026-02-16 13:11:39.53259-05	Western Colorado University	2022-2023	128391	active	2	unknown	unknown	Town: Remote
197	Williams College	FALSE	Club	\N	\N	glw4@williams.edu	1994-02-18	\N					880 Main St	Williamstown	MA	01267	880 Main St, Williamstown, MA, 01267, USA	42.712725, -73.203132	42.712725	-73.203132		f	f	f	f	f	f	f										2026-02-15 15:02:53.991212-05	2026-02-15 15:02:53.991217-05	0.9	t	Imported from NCES via exact_name match.	Williams College	nces_arcgis	https://nces.ed.gov/opengis/rest/services/Postsecondary_School_Locations/EDGE_GEOCODE_POSTSECONDARYSCH_2223/MapServer/0	review	2026-02-16 13:11:45.907413-05	Williams College	2022-2023	168342	active	7	unknown	unknown	Town: Fringe
198	Worcester Polytechnic Institute	FALSE	Club	\N	\N	cyclingofficers@wpi.edu	2004-02-04	\N					100 Institute Road	Worcester	MA	01609	100 Institute Road, Worcester, MA, 01609, USA	42.274853, -71.808339	42.274853	-71.808339		f	f	f	f	f	f	f										2026-02-15 15:02:53.993148-05	2026-02-15 15:02:53.993153-05	0.9	t	Imported from NCES via exact_name match.	Worcester Polytechnic Institute	nces_arcgis	https://nces.ed.gov/opengis/rest/services/Postsecondary_School_Locations/EDGE_GEOCODE_POSTSECONDARYSCH_2223/MapServer/0	review	2026-02-16 13:11:45.908751-05	Worcester Polytechnic Institute	2022-2023	168421	active	7	unknown	unknown	City: Midsize
205	Weber State University	FALSE	Club	\N	\N	cycling@weber.edu	2001-10-18	\N					3848 Harrison Blvd.	Ogden	UT	84408	3848 Harrison Blvd., Ogden, UT, 84408, USA	41.192591, -111.944845	41.192591	-111.944845		f	f	f	f	f	f	f										2026-02-15 15:02:54.008578-05	2026-02-15 15:02:54.008583-05	0.9	t	Imported from NCES via exact_name match.	Weber State University	nces_arcgis	https://nces.ed.gov/opengis/rest/services/Postsecondary_School_Locations/EDGE_GEOCODE_POSTSECONDARYSCH_2223/MapServer/0	review	2026-02-16 13:11:58.673833-05	Weber State University	2022-2023	230782	active	10	unknown	unknown	City: Small
233	Western Washington University	FALSE	Club	\N	\N	westerncycling@gmail.com	1996-02-12	\N					516 High Street	Bellingham	WA	98225	516 High Street, Bellingham, WA, 98225, USA	48.737812, -122.485734	48.737812	-122.485734		f	f	f	f	f	f	f										2026-02-15 15:02:54.070887-05	2026-02-15 15:02:54.070896-05	0.9	t	Imported from NCES via exact_name match.	Western Washington University	nces_arcgis	https://nces.ed.gov/opengis/rest/services/Postsecondary_School_Locations/EDGE_GEOCODE_POSTSECONDARYSCH_2223/MapServer/0	review	2026-02-16 13:11:59.066529-05	Western Washington University	2022-2023	237011	active	8	unknown	unknown	City: Small
234	Whitman College	FALSE	Club	\N	\N	cycling@whitman.edu	1997-09-18	\N					345 Boyer Ave	Walla Walla	WA	99362	345 Boyer Ave, Walla Walla, WA, 99362, USA	46.069815, -118.331546	46.069815	-118.331546		f	f	f	f	f	f	f										2026-02-15 15:02:54.07316-05	2026-02-15 15:02:54.073169-05	0.9	t	Imported from NCES via exact_name match.	Whitman College	nces_arcgis	https://nces.ed.gov/opengis/rest/services/Postsecondary_School_Locations/EDGE_GEOCODE_POSTSECONDARYSCH_2223/MapServer/0	review	2026-02-16 13:11:59.071247-05	Whitman College	2022-2023	237057	active	8	unknown	unknown	City: Small
25	West Virginia University	FALSE	Club	\N	\N	wvucycling@gmail.com	1999-03-01	\N					Rte 25	Institute	WV	25112	Rte 25, Institute, WV, 25112, USA	38.380541, -81.765034	38.380541	-81.765034		f	f	f	f	f	f	f										2026-02-15 15:02:53.629421-05	2026-02-15 15:02:53.629428-05	0.9	t	Imported from NCES via exact_name match.	West Virginia State University	nces_arcgis	https://nces.ed.gov/opengis/rest/services/Postsecondary_School_Locations/EDGE_GEOCODE_POSTSECONDARYSCH_2223/MapServer/0	review	2026-02-16 13:11:59.259816-05	West Virginia University	2022-2023	238032	active	3	unknown	unknown	City: Small
199	Yale University	FALSE	Club	\N	\N	yalecyclingteam@gmail.com	1994-01-25	\N					Woodbridge Hall	New Haven	CT	06520	Woodbridge Hall, New Haven, CT, 06520, USA	41.311158, -72.926688	41.311158	-72.926688		f	f	f	f	f	f	f										2026-02-15 15:02:53.995074-05	2026-02-15 15:02:53.995079-05	0.9	t	Imported from NCES via exact_name match.	Yale University	nces_arcgis	https://nces.ed.gov/opengis/rest/services/Postsecondary_School_Locations/EDGE_GEOCODE_POSTSECONDARYSCH_2223/MapServer/0	review	2026-02-16 13:11:39.819308-05	Yale University	2022-2023	130794	active	7	unknown	unknown	City: Midsize
\.


--
-- Name: accounts_user_groups_id_seq; Type: SEQUENCE SET; Schema: public; Owner: -
--

SELECT pg_catalog.setval('public.accounts_user_groups_id_seq', 1, false);


--
-- Name: accounts_user_id_seq; Type: SEQUENCE SET; Schema: public; Owner: -
--

SELECT pg_catalog.setval('public.accounts_user_id_seq', 3, true);


--
-- Name: accounts_user_user_permissions_id_seq; Type: SEQUENCE SET; Schema: public; Owner: -
--

SELECT pg_catalog.setval('public.accounts_user_user_permissions_id_seq', 1, false);


--
-- Name: auth_group_id_seq; Type: SEQUENCE SET; Schema: public; Owner: -
--

SELECT pg_catalog.setval('public.auth_group_id_seq', 1, false);


--
-- Name: auth_group_permissions_id_seq; Type: SEQUENCE SET; Schema: public; Owner: -
--

SELECT pg_catalog.setval('public.auth_group_permissions_id_seq', 1, false);


--
-- Name: auth_permission_id_seq; Type: SEQUENCE SET; Schema: public; Owner: -
--

SELECT pg_catalog.setval('public.auth_permission_id_seq', 68, true);


--
-- Name: cms_cmsnavigation_id_seq; Type: SEQUENCE SET; Schema: public; Owner: -
--

SELECT pg_catalog.setval('public.cms_cmsnavigation_id_seq', 3, true);


--
-- Name: cms_cmsnavitem_id_seq; Type: SEQUENCE SET; Schema: public; Owner: -
--

SELECT pg_catalog.setval('public.cms_cmsnavitem_id_seq', 10, true);


--
-- Name: cms_cmspage_id_seq; Type: SEQUENCE SET; Schema: public; Owner: -
--

SELECT pg_catalog.setval('public.cms_cmspage_id_seq', 6, true);


--
-- Name: cms_cmswidget_id_seq; Type: SEQUENCE SET; Schema: public; Owner: -
--

SELECT pg_catalog.setval('public.cms_cmswidget_id_seq', 1, true);


--
-- Name: cms_cmswidgetplacement_id_seq; Type: SEQUENCE SET; Schema: public; Owner: -
--

SELECT pg_catalog.setval('public.cms_cmswidgetplacement_id_seq', 1, true);


--
-- Name: django_admin_log_id_seq; Type: SEQUENCE SET; Schema: public; Owner: -
--

SELECT pg_catalog.setval('public.django_admin_log_id_seq', 43, true);


--
-- Name: django_content_type_id_seq; Type: SEQUENCE SET; Schema: public; Owner: -
--

SELECT pg_catalog.setval('public.django_content_type_id_seq', 17, true);


--
-- Name: django_migrations_id_seq; Type: SEQUENCE SET; Schema: public; Owner: -
--

SELECT pg_catalog.setval('public.django_migrations_id_seq', 31, true);


--
-- Name: django_site_id_seq; Type: SEQUENCE SET; Schema: public; Owner: -
--

SELECT pg_catalog.setval('public.django_site_id_seq', 1, true);


--
-- Name: schools_conference_id_seq; Type: SEQUENCE SET; Schema: public; Owner: -
--

SELECT pg_catalog.setval('public.schools_conference_id_seq', 11, true);


--
-- Name: schools_dataloadjob_id_seq; Type: SEQUENCE SET; Schema: public; Owner: -
--

SELECT pg_catalog.setval('public.schools_dataloadjob_id_seq', 3, true);


--
-- Name: schools_favoriteschool_id_seq; Type: SEQUENCE SET; Schema: public; Owner: -
--

SELECT pg_catalog.setval('public.schools_favoriteschool_id_seq', 3, true);


--
-- Name: schools_importschema_id_seq; Type: SEQUENCE SET; Schema: public; Owner: -
--

SELECT pg_catalog.setval('public.schools_importschema_id_seq', 2, true);


--
-- Name: schools_school_id_seq; Type: SEQUENCE SET; Schema: public; Owner: -
--

SELECT pg_catalog.setval('public.schools_school_id_seq', 263, true);


--
-- Name: accounts_user accounts_user_email_key; Type: CONSTRAINT; Schema: public; Owner: -
--

ALTER TABLE ONLY public.accounts_user
    ADD CONSTRAINT accounts_user_email_key UNIQUE (email);


--
-- Name: accounts_user_groups accounts_user_groups_pkey; Type: CONSTRAINT; Schema: public; Owner: -
--

ALTER TABLE ONLY public.accounts_user_groups
    ADD CONSTRAINT accounts_user_groups_pkey PRIMARY KEY (id);


--
-- Name: accounts_user_groups accounts_user_groups_user_id_group_id_59c0b32f_uniq; Type: CONSTRAINT; Schema: public; Owner: -
--

ALTER TABLE ONLY public.accounts_user_groups
    ADD CONSTRAINT accounts_user_groups_user_id_group_id_59c0b32f_uniq UNIQUE (user_id, group_id);


--
-- Name: accounts_user accounts_user_pkey; Type: CONSTRAINT; Schema: public; Owner: -
--

ALTER TABLE ONLY public.accounts_user
    ADD CONSTRAINT accounts_user_pkey PRIMARY KEY (id);


--
-- Name: accounts_user_user_permissions accounts_user_user_permi_user_id_permission_id_2ab516c2_uniq; Type: CONSTRAINT; Schema: public; Owner: -
--

ALTER TABLE ONLY public.accounts_user_user_permissions
    ADD CONSTRAINT accounts_user_user_permi_user_id_permission_id_2ab516c2_uniq UNIQUE (user_id, permission_id);


--
-- Name: accounts_user_user_permissions accounts_user_user_permissions_pkey; Type: CONSTRAINT; Schema: public; Owner: -
--

ALTER TABLE ONLY public.accounts_user_user_permissions
    ADD CONSTRAINT accounts_user_user_permissions_pkey PRIMARY KEY (id);


--
-- Name: accounts_user accounts_user_username_key; Type: CONSTRAINT; Schema: public; Owner: -
--

ALTER TABLE ONLY public.accounts_user
    ADD CONSTRAINT accounts_user_username_key UNIQUE (username);


--
-- Name: auth_group auth_group_name_key; Type: CONSTRAINT; Schema: public; Owner: -
--

ALTER TABLE ONLY public.auth_group
    ADD CONSTRAINT auth_group_name_key UNIQUE (name);


--
-- Name: auth_group_permissions auth_group_permissions_group_id_permission_id_0cd325b0_uniq; Type: CONSTRAINT; Schema: public; Owner: -
--

ALTER TABLE ONLY public.auth_group_permissions
    ADD CONSTRAINT auth_group_permissions_group_id_permission_id_0cd325b0_uniq UNIQUE (group_id, permission_id);


--
-- Name: auth_group_permissions auth_group_permissions_pkey; Type: CONSTRAINT; Schema: public; Owner: -
--

ALTER TABLE ONLY public.auth_group_permissions
    ADD CONSTRAINT auth_group_permissions_pkey PRIMARY KEY (id);


--
-- Name: auth_group auth_group_pkey; Type: CONSTRAINT; Schema: public; Owner: -
--

ALTER TABLE ONLY public.auth_group
    ADD CONSTRAINT auth_group_pkey PRIMARY KEY (id);


--
-- Name: auth_permission auth_permission_content_type_id_codename_01ab375a_uniq; Type: CONSTRAINT; Schema: public; Owner: -
--

ALTER TABLE ONLY public.auth_permission
    ADD CONSTRAINT auth_permission_content_type_id_codename_01ab375a_uniq UNIQUE (content_type_id, codename);


--
-- Name: auth_permission auth_permission_pkey; Type: CONSTRAINT; Schema: public; Owner: -
--

ALTER TABLE ONLY public.auth_permission
    ADD CONSTRAINT auth_permission_pkey PRIMARY KEY (id);


--
-- Name: cms_cmsnavigation cms_cmsnavigation_pkey; Type: CONSTRAINT; Schema: public; Owner: -
--

ALTER TABLE ONLY public.cms_cmsnavigation
    ADD CONSTRAINT cms_cmsnavigation_pkey PRIMARY KEY (id);


--
-- Name: cms_cmsnavigation cms_cmsnavigation_slug_key; Type: CONSTRAINT; Schema: public; Owner: -
--

ALTER TABLE ONLY public.cms_cmsnavigation
    ADD CONSTRAINT cms_cmsnavigation_slug_key UNIQUE (slug);


--
-- Name: cms_cmsnavitem cms_cmsnavitem_pkey; Type: CONSTRAINT; Schema: public; Owner: -
--

ALTER TABLE ONLY public.cms_cmsnavitem
    ADD CONSTRAINT cms_cmsnavitem_pkey PRIMARY KEY (id);


--
-- Name: cms_cmspage cms_cmspage_pkey; Type: CONSTRAINT; Schema: public; Owner: -
--

ALTER TABLE ONLY public.cms_cmspage
    ADD CONSTRAINT cms_cmspage_pkey PRIMARY KEY (id);


--
-- Name: cms_cmspage cms_cmspage_slug_key; Type: CONSTRAINT; Schema: public; Owner: -
--

ALTER TABLE ONLY public.cms_cmspage
    ADD CONSTRAINT cms_cmspage_slug_key UNIQUE (slug);


--
-- Name: cms_cmswidget cms_cmswidget_pkey; Type: CONSTRAINT; Schema: public; Owner: -
--

ALTER TABLE ONLY public.cms_cmswidget
    ADD CONSTRAINT cms_cmswidget_pkey PRIMARY KEY (id);


--
-- Name: cms_cmswidget cms_cmswidget_slug_key; Type: CONSTRAINT; Schema: public; Owner: -
--

ALTER TABLE ONLY public.cms_cmswidget
    ADD CONSTRAINT cms_cmswidget_slug_key UNIQUE (slug);


--
-- Name: cms_cmswidgetplacement cms_cmswidgetplacement_pkey; Type: CONSTRAINT; Schema: public; Owner: -
--

ALTER TABLE ONLY public.cms_cmswidgetplacement
    ADD CONSTRAINT cms_cmswidgetplacement_pkey PRIMARY KEY (id);


--
-- Name: django_admin_log django_admin_log_pkey; Type: CONSTRAINT; Schema: public; Owner: -
--

ALTER TABLE ONLY public.django_admin_log
    ADD CONSTRAINT django_admin_log_pkey PRIMARY KEY (id);


--
-- Name: django_content_type django_content_type_app_label_model_76bd3d3b_uniq; Type: CONSTRAINT; Schema: public; Owner: -
--

ALTER TABLE ONLY public.django_content_type
    ADD CONSTRAINT django_content_type_app_label_model_76bd3d3b_uniq UNIQUE (app_label, model);


--
-- Name: django_content_type django_content_type_pkey; Type: CONSTRAINT; Schema: public; Owner: -
--

ALTER TABLE ONLY public.django_content_type
    ADD CONSTRAINT django_content_type_pkey PRIMARY KEY (id);


--
-- Name: django_migrations django_migrations_pkey; Type: CONSTRAINT; Schema: public; Owner: -
--

ALTER TABLE ONLY public.django_migrations
    ADD CONSTRAINT django_migrations_pkey PRIMARY KEY (id);


--
-- Name: django_session django_session_pkey; Type: CONSTRAINT; Schema: public; Owner: -
--

ALTER TABLE ONLY public.django_session
    ADD CONSTRAINT django_session_pkey PRIMARY KEY (session_key);


--
-- Name: django_site django_site_domain_a2e37b91_uniq; Type: CONSTRAINT; Schema: public; Owner: -
--

ALTER TABLE ONLY public.django_site
    ADD CONSTRAINT django_site_domain_a2e37b91_uniq UNIQUE (domain);


--
-- Name: django_site django_site_pkey; Type: CONSTRAINT; Schema: public; Owner: -
--

ALTER TABLE ONLY public.django_site
    ADD CONSTRAINT django_site_pkey PRIMARY KEY (id);


--
-- Name: schools_conference schools_conference_name_key; Type: CONSTRAINT; Schema: public; Owner: -
--

ALTER TABLE ONLY public.schools_conference
    ADD CONSTRAINT schools_conference_name_key UNIQUE (name);


--
-- Name: schools_conference schools_conference_pkey; Type: CONSTRAINT; Schema: public; Owner: -
--

ALTER TABLE ONLY public.schools_conference
    ADD CONSTRAINT schools_conference_pkey PRIMARY KEY (id);


--
-- Name: schools_dataloadjob schools_dataloadjob_pkey; Type: CONSTRAINT; Schema: public; Owner: -
--

ALTER TABLE ONLY public.schools_dataloadjob
    ADD CONSTRAINT schools_dataloadjob_pkey PRIMARY KEY (id);


--
-- Name: schools_favoriteschool schools_favoriteschool_pkey; Type: CONSTRAINT; Schema: public; Owner: -
--

ALTER TABLE ONLY public.schools_favoriteschool
    ADD CONSTRAINT schools_favoriteschool_pkey PRIMARY KEY (id);


--
-- Name: schools_favoriteschool schools_favoriteschool_user_id_school_id_02aa97f6_uniq; Type: CONSTRAINT; Schema: public; Owner: -
--

ALTER TABLE ONLY public.schools_favoriteschool
    ADD CONSTRAINT schools_favoriteschool_user_id_school_id_02aa97f6_uniq UNIQUE (user_id, school_id);


--
-- Name: schools_importschema schools_importschema_name_version_a09f375c_uniq; Type: CONSTRAINT; Schema: public; Owner: -
--

ALTER TABLE ONLY public.schools_importschema
    ADD CONSTRAINT schools_importschema_name_version_a09f375c_uniq UNIQUE (name, version);


--
-- Name: schools_importschema schools_importschema_pkey; Type: CONSTRAINT; Schema: public; Owner: -
--

ALTER TABLE ONLY public.schools_importschema
    ADD CONSTRAINT schools_importschema_pkey PRIMARY KEY (id);


--
-- Name: schools_school schools_school_pkey; Type: CONSTRAINT; Schema: public; Owner: -
--

ALTER TABLE ONLY public.schools_school
    ADD CONSTRAINT schools_school_pkey PRIMARY KEY (id);


--
-- Name: accounts_user_email_b2644a56_like; Type: INDEX; Schema: public; Owner: -
--

CREATE INDEX accounts_user_email_b2644a56_like ON public.accounts_user USING btree (email varchar_pattern_ops);


--
-- Name: accounts_user_groups_group_id_bd11a704; Type: INDEX; Schema: public; Owner: -
--

CREATE INDEX accounts_user_groups_group_id_bd11a704 ON public.accounts_user_groups USING btree (group_id);


--
-- Name: accounts_user_groups_user_id_52b62117; Type: INDEX; Schema: public; Owner: -
--

CREATE INDEX accounts_user_groups_user_id_52b62117 ON public.accounts_user_groups USING btree (user_id);


--
-- Name: accounts_user_user_permissions_permission_id_113bb443; Type: INDEX; Schema: public; Owner: -
--

CREATE INDEX accounts_user_user_permissions_permission_id_113bb443 ON public.accounts_user_user_permissions USING btree (permission_id);


--
-- Name: accounts_user_user_permissions_user_id_e4f0a161; Type: INDEX; Schema: public; Owner: -
--

CREATE INDEX accounts_user_user_permissions_user_id_e4f0a161 ON public.accounts_user_user_permissions USING btree (user_id);


--
-- Name: accounts_user_username_6088629e_like; Type: INDEX; Schema: public; Owner: -
--

CREATE INDEX accounts_user_username_6088629e_like ON public.accounts_user USING btree (username varchar_pattern_ops);


--
-- Name: auth_group_name_a6ea08ec_like; Type: INDEX; Schema: public; Owner: -
--

CREATE INDEX auth_group_name_a6ea08ec_like ON public.auth_group USING btree (name varchar_pattern_ops);


--
-- Name: auth_group_permissions_group_id_b120cbf9; Type: INDEX; Schema: public; Owner: -
--

CREATE INDEX auth_group_permissions_group_id_b120cbf9 ON public.auth_group_permissions USING btree (group_id);


--
-- Name: auth_group_permissions_permission_id_84c5c92e; Type: INDEX; Schema: public; Owner: -
--

CREATE INDEX auth_group_permissions_permission_id_84c5c92e ON public.auth_group_permissions USING btree (permission_id);


--
-- Name: auth_permission_content_type_id_2f476e4b; Type: INDEX; Schema: public; Owner: -
--

CREATE INDEX auth_permission_content_type_id_2f476e4b ON public.auth_permission USING btree (content_type_id);


--
-- Name: cms_cmsnavigation_is_published_65f8c14b; Type: INDEX; Schema: public; Owner: -
--

CREATE INDEX cms_cmsnavigation_is_published_65f8c14b ON public.cms_cmsnavigation USING btree (is_published);


--
-- Name: cms_cmsnavigation_slug_c170761a_like; Type: INDEX; Schema: public; Owner: -
--

CREATE INDEX cms_cmsnavigation_slug_c170761a_like ON public.cms_cmsnavigation USING btree (slug varchar_pattern_ops);


--
-- Name: cms_cmsnavitem_is_published_29407333; Type: INDEX; Schema: public; Owner: -
--

CREATE INDEX cms_cmsnavitem_is_published_29407333 ON public.cms_cmsnavitem USING btree (is_published);


--
-- Name: cms_cmsnavitem_navigation_id_97ac8fb4; Type: INDEX; Schema: public; Owner: -
--

CREATE INDEX cms_cmsnavitem_navigation_id_97ac8fb4 ON public.cms_cmsnavitem USING btree (navigation_id);


--
-- Name: cms_cmsnavitem_page_id_aea4888a; Type: INDEX; Schema: public; Owner: -
--

CREATE INDEX cms_cmsnavitem_page_id_aea4888a ON public.cms_cmsnavitem USING btree (page_id);


--
-- Name: cms_cmsnavitem_parent_id_1f5fd508; Type: INDEX; Schema: public; Owner: -
--

CREATE INDEX cms_cmsnavitem_parent_id_1f5fd508 ON public.cms_cmsnavitem USING btree (parent_id);


--
-- Name: cms_cmspage_navigation_id_67125e6c; Type: INDEX; Schema: public; Owner: -
--

CREATE INDEX cms_cmspage_navigation_id_67125e6c ON public.cms_cmspage USING btree (navigation_id);


--
-- Name: cms_cmspage_parent_id_59641848; Type: INDEX; Schema: public; Owner: -
--

CREATE INDEX cms_cmspage_parent_id_59641848 ON public.cms_cmspage USING btree (parent_id);


--
-- Name: cms_cmspage_slug_9157d59e_like; Type: INDEX; Schema: public; Owner: -
--

CREATE INDEX cms_cmspage_slug_9157d59e_like ON public.cms_cmspage USING btree (slug varchar_pattern_ops);


--
-- Name: cms_cmspage_status_e92e9b57; Type: INDEX; Schema: public; Owner: -
--

CREATE INDEX cms_cmspage_status_e92e9b57 ON public.cms_cmspage USING btree (status);


--
-- Name: cms_cmspage_status_e92e9b57_like; Type: INDEX; Schema: public; Owner: -
--

CREATE INDEX cms_cmspage_status_e92e9b57_like ON public.cms_cmspage USING btree (status varchar_pattern_ops);


--
-- Name: cms_cmswidget_is_published_2ca0730b; Type: INDEX; Schema: public; Owner: -
--

CREATE INDEX cms_cmswidget_is_published_2ca0730b ON public.cms_cmswidget USING btree (is_published);


--
-- Name: cms_cmswidget_slug_cbb2b872_like; Type: INDEX; Schema: public; Owner: -
--

CREATE INDEX cms_cmswidget_slug_cbb2b872_like ON public.cms_cmswidget USING btree (slug varchar_pattern_ops);


--
-- Name: cms_cmswidgetplacement_is_published_003bc987; Type: INDEX; Schema: public; Owner: -
--

CREATE INDEX cms_cmswidgetplacement_is_published_003bc987 ON public.cms_cmswidgetplacement USING btree (is_published);


--
-- Name: cms_cmswidgetplacement_page_id_d9780d94; Type: INDEX; Schema: public; Owner: -
--

CREATE INDEX cms_cmswidgetplacement_page_id_d9780d94 ON public.cms_cmswidgetplacement USING btree (page_id);


--
-- Name: cms_cmswidgetplacement_widget_id_c30d3c08; Type: INDEX; Schema: public; Owner: -
--

CREATE INDEX cms_cmswidgetplacement_widget_id_c30d3c08 ON public.cms_cmswidgetplacement USING btree (widget_id);


--
-- Name: django_admin_log_content_type_id_c4bce8eb; Type: INDEX; Schema: public; Owner: -
--

CREATE INDEX django_admin_log_content_type_id_c4bce8eb ON public.django_admin_log USING btree (content_type_id);


--
-- Name: django_admin_log_user_id_c564eba6; Type: INDEX; Schema: public; Owner: -
--

CREATE INDEX django_admin_log_user_id_c564eba6 ON public.django_admin_log USING btree (user_id);


--
-- Name: django_session_expire_date_a5c62663; Type: INDEX; Schema: public; Owner: -
--

CREATE INDEX django_session_expire_date_a5c62663 ON public.django_session USING btree (expire_date);


--
-- Name: django_session_session_key_c0390e0f_like; Type: INDEX; Schema: public; Owner: -
--

CREATE INDEX django_session_session_key_c0390e0f_like ON public.django_session USING btree (session_key varchar_pattern_ops);


--
-- Name: django_site_domain_a2e37b91_like; Type: INDEX; Schema: public; Owner: -
--

CREATE INDEX django_site_domain_a2e37b91_like ON public.django_site USING btree (domain varchar_pattern_ops);


--
-- Name: schools_conference_acronym_a5183c68; Type: INDEX; Schema: public; Owner: -
--

CREATE INDEX schools_conference_acronym_a5183c68 ON public.schools_conference USING btree (acronym);


--
-- Name: schools_conference_acronym_a5183c68_like; Type: INDEX; Schema: public; Owner: -
--

CREATE INDEX schools_conference_acronym_a5183c68_like ON public.schools_conference USING btree (acronym varchar_pattern_ops);


--
-- Name: schools_conference_name_f78dabea_like; Type: INDEX; Schema: public; Owner: -
--

CREATE INDEX schools_conference_name_f78dabea_like ON public.schools_conference USING btree (name varchar_pattern_ops);


--
-- Name: schools_dataloadjob_dry_run_f73b6665; Type: INDEX; Schema: public; Owner: -
--

CREATE INDEX schools_dataloadjob_dry_run_f73b6665 ON public.schools_dataloadjob USING btree (dry_run);


--
-- Name: schools_dataloadjob_schema_id_c4bf8549; Type: INDEX; Schema: public; Owner: -
--

CREATE INDEX schools_dataloadjob_schema_id_c4bf8549 ON public.schools_dataloadjob USING btree (schema_id);


--
-- Name: schools_dataloadjob_status_16513a96; Type: INDEX; Schema: public; Owner: -
--

CREATE INDEX schools_dataloadjob_status_16513a96 ON public.schools_dataloadjob USING btree (status);


--
-- Name: schools_dataloadjob_status_16513a96_like; Type: INDEX; Schema: public; Owner: -
--

CREATE INDEX schools_dataloadjob_status_16513a96_like ON public.schools_dataloadjob USING btree (status varchar_pattern_ops);


--
-- Name: schools_dataloadjob_triggered_by_id_3e70ac78; Type: INDEX; Schema: public; Owner: -
--

CREATE INDEX schools_dataloadjob_triggered_by_id_3e70ac78 ON public.schools_dataloadjob USING btree (triggered_by_id);


--
-- Name: schools_favoriteschool_school_id_7d237a25; Type: INDEX; Schema: public; Owner: -
--

CREATE INDEX schools_favoriteschool_school_id_7d237a25 ON public.schools_favoriteschool USING btree (school_id);


--
-- Name: schools_favoriteschool_user_id_d2a8a879; Type: INDEX; Schema: public; Owner: -
--

CREATE INDEX schools_favoriteschool_user_id_d2a8a879 ON public.schools_favoriteschool USING btree (user_id);


--
-- Name: schools_importschema_active_fbe651c4; Type: INDEX; Schema: public; Owner: -
--

CREATE INDEX schools_importschema_active_fbe651c4 ON public.schools_importschema USING btree (active);


--
-- Name: schools_school_city_8e30b89d; Type: INDEX; Schema: public; Owner: -
--

CREATE INDEX schools_school_city_8e30b89d ON public.schools_school USING btree (city);


--
-- Name: schools_school_city_8e30b89d_like; Type: INDEX; Schema: public; Owner: -
--

CREATE INDEX schools_school_city_8e30b89d_like ON public.schools_school USING btree (city varchar_pattern_ops);


--
-- Name: schools_school_conference_id_bf9a3e2d; Type: INDEX; Schema: public; Owner: -
--

CREATE INDEX schools_school_conference_id_bf9a3e2d ON public.schools_school USING btree (conference_id);


--
-- Name: schools_school_cycling_program_status_52dac1fa; Type: INDEX; Schema: public; Owner: -
--

CREATE INDEX schools_school_cycling_program_status_52dac1fa ON public.schools_school USING btree (cycling_program_status);


--
-- Name: schools_school_cycling_program_status_52dac1fa_like; Type: INDEX; Schema: public; Owner: -
--

CREATE INDEX schools_school_cycling_program_status_52dac1fa_like ON public.schools_school USING btree (cycling_program_status varchar_pattern_ops);


--
-- Name: schools_school_geocode_needs_review_619ab96f; Type: INDEX; Schema: public; Owner: -
--

CREATE INDEX schools_school_geocode_needs_review_619ab96f ON public.schools_school USING btree (geocode_needs_review);


--
-- Name: schools_school_geocode_status_b8f81e99; Type: INDEX; Schema: public; Owner: -
--

CREATE INDEX schools_school_geocode_status_b8f81e99 ON public.schools_school USING btree (geocode_status);


--
-- Name: schools_school_geocode_status_b8f81e99_like; Type: INDEX; Schema: public; Owner: -
--

CREATE INDEX schools_school_geocode_status_b8f81e99_like ON public.schools_school USING btree (geocode_status varchar_pattern_ops);


--
-- Name: schools_school_institution_control_c9faff47; Type: INDEX; Schema: public; Owner: -
--

CREATE INDEX schools_school_institution_control_c9faff47 ON public.schools_school USING btree (institution_control);


--
-- Name: schools_school_institution_control_c9faff47_like; Type: INDEX; Schema: public; Owner: -
--

CREATE INDEX schools_school_institution_control_c9faff47_like ON public.schools_school USING btree (institution_control varchar_pattern_ops);


--
-- Name: schools_school_institution_level_708ec67e; Type: INDEX; Schema: public; Owner: -
--

CREATE INDEX schools_school_institution_level_708ec67e ON public.schools_school USING btree (institution_level);


--
-- Name: schools_school_institution_level_708ec67e_like; Type: INDEX; Schema: public; Owner: -
--

CREATE INDEX schools_school_institution_level_708ec67e_like ON public.schools_school USING btree (institution_level varchar_pattern_ops);


--
-- Name: schools_school_latitude_fc7f7c69; Type: INDEX; Schema: public; Owner: -
--

CREATE INDEX schools_school_latitude_fc7f7c69 ON public.schools_school USING btree (latitude);


--
-- Name: schools_school_locale_15006052; Type: INDEX; Schema: public; Owner: -
--

CREATE INDEX schools_school_locale_15006052 ON public.schools_school USING btree (locale);


--
-- Name: schools_school_locale_15006052_like; Type: INDEX; Schema: public; Owner: -
--

CREATE INDEX schools_school_locale_15006052_like ON public.schools_school USING btree (locale varchar_pattern_ops);


--
-- Name: schools_school_longitude_5ff903f9; Type: INDEX; Schema: public; Owner: -
--

CREATE INDEX schools_school_longitude_5ff903f9 ON public.schools_school USING btree (longitude);


--
-- Name: schools_school_name_83094325; Type: INDEX; Schema: public; Owner: -
--

CREATE INDEX schools_school_name_83094325 ON public.schools_school USING btree (name);


--
-- Name: schools_school_name_83094325_like; Type: INDEX; Schema: public; Owner: -
--

CREATE INDEX schools_school_name_83094325_like ON public.schools_school USING btree (name varchar_pattern_ops);


--
-- Name: schools_school_nces_unitid_c7bcdf4d; Type: INDEX; Schema: public; Owner: -
--

CREATE INDEX schools_school_nces_unitid_c7bcdf4d ON public.schools_school USING btree (nces_unitid);


--
-- Name: schools_school_nces_unitid_c7bcdf4d_like; Type: INDEX; Schema: public; Owner: -
--

CREATE INDEX schools_school_nces_unitid_c7bcdf4d_like ON public.schools_school USING btree (nces_unitid varchar_pattern_ops);


--
-- Name: schools_school_state_9814d989; Type: INDEX; Schema: public; Owner: -
--

CREATE INDEX schools_school_state_9814d989 ON public.schools_school USING btree (state);


--
-- Name: schools_school_state_9814d989_like; Type: INDEX; Schema: public; Owner: -
--

CREATE INDEX schools_school_state_9814d989_like ON public.schools_school USING btree (state varchar_pattern_ops);


--
-- Name: schools_school_team_type_e6b72bfd; Type: INDEX; Schema: public; Owner: -
--

CREATE INDEX schools_school_team_type_e6b72bfd ON public.schools_school USING btree (team_type);


--
-- Name: schools_school_team_type_e6b72bfd_like; Type: INDEX; Schema: public; Owner: -
--

CREATE INDEX schools_school_team_type_e6b72bfd_like ON public.schools_school USING btree (team_type varchar_pattern_ops);


--
-- Name: accounts_user_groups accounts_user_groups_group_id_bd11a704_fk_auth_group_id; Type: FK CONSTRAINT; Schema: public; Owner: -
--

ALTER TABLE ONLY public.accounts_user_groups
    ADD CONSTRAINT accounts_user_groups_group_id_bd11a704_fk_auth_group_id FOREIGN KEY (group_id) REFERENCES public.auth_group(id) DEFERRABLE INITIALLY DEFERRED;


--
-- Name: accounts_user_groups accounts_user_groups_user_id_52b62117_fk_accounts_user_id; Type: FK CONSTRAINT; Schema: public; Owner: -
--

ALTER TABLE ONLY public.accounts_user_groups
    ADD CONSTRAINT accounts_user_groups_user_id_52b62117_fk_accounts_user_id FOREIGN KEY (user_id) REFERENCES public.accounts_user(id) DEFERRABLE INITIALLY DEFERRED;


--
-- Name: accounts_user_user_permissions accounts_user_user_p_permission_id_113bb443_fk_auth_perm; Type: FK CONSTRAINT; Schema: public; Owner: -
--

ALTER TABLE ONLY public.accounts_user_user_permissions
    ADD CONSTRAINT accounts_user_user_p_permission_id_113bb443_fk_auth_perm FOREIGN KEY (permission_id) REFERENCES public.auth_permission(id) DEFERRABLE INITIALLY DEFERRED;


--
-- Name: accounts_user_user_permissions accounts_user_user_p_user_id_e4f0a161_fk_accounts_; Type: FK CONSTRAINT; Schema: public; Owner: -
--

ALTER TABLE ONLY public.accounts_user_user_permissions
    ADD CONSTRAINT accounts_user_user_p_user_id_e4f0a161_fk_accounts_ FOREIGN KEY (user_id) REFERENCES public.accounts_user(id) DEFERRABLE INITIALLY DEFERRED;


--
-- Name: auth_group_permissions auth_group_permissio_permission_id_84c5c92e_fk_auth_perm; Type: FK CONSTRAINT; Schema: public; Owner: -
--

ALTER TABLE ONLY public.auth_group_permissions
    ADD CONSTRAINT auth_group_permissio_permission_id_84c5c92e_fk_auth_perm FOREIGN KEY (permission_id) REFERENCES public.auth_permission(id) DEFERRABLE INITIALLY DEFERRED;


--
-- Name: auth_group_permissions auth_group_permissions_group_id_b120cbf9_fk_auth_group_id; Type: FK CONSTRAINT; Schema: public; Owner: -
--

ALTER TABLE ONLY public.auth_group_permissions
    ADD CONSTRAINT auth_group_permissions_group_id_b120cbf9_fk_auth_group_id FOREIGN KEY (group_id) REFERENCES public.auth_group(id) DEFERRABLE INITIALLY DEFERRED;


--
-- Name: auth_permission auth_permission_content_type_id_2f476e4b_fk_django_co; Type: FK CONSTRAINT; Schema: public; Owner: -
--

ALTER TABLE ONLY public.auth_permission
    ADD CONSTRAINT auth_permission_content_type_id_2f476e4b_fk_django_co FOREIGN KEY (content_type_id) REFERENCES public.django_content_type(id) DEFERRABLE INITIALLY DEFERRED;


--
-- Name: cms_cmsnavitem cms_cmsnavitem_navigation_id_97ac8fb4_fk_cms_cmsnavigation_id; Type: FK CONSTRAINT; Schema: public; Owner: -
--

ALTER TABLE ONLY public.cms_cmsnavitem
    ADD CONSTRAINT cms_cmsnavitem_navigation_id_97ac8fb4_fk_cms_cmsnavigation_id FOREIGN KEY (navigation_id) REFERENCES public.cms_cmsnavigation(id) DEFERRABLE INITIALLY DEFERRED;


--
-- Name: cms_cmsnavitem cms_cmsnavitem_page_id_aea4888a_fk_cms_cmspage_id; Type: FK CONSTRAINT; Schema: public; Owner: -
--

ALTER TABLE ONLY public.cms_cmsnavitem
    ADD CONSTRAINT cms_cmsnavitem_page_id_aea4888a_fk_cms_cmspage_id FOREIGN KEY (page_id) REFERENCES public.cms_cmspage(id) DEFERRABLE INITIALLY DEFERRED;


--
-- Name: cms_cmsnavitem cms_cmsnavitem_parent_id_1f5fd508_fk_cms_cmsnavitem_id; Type: FK CONSTRAINT; Schema: public; Owner: -
--

ALTER TABLE ONLY public.cms_cmsnavitem
    ADD CONSTRAINT cms_cmsnavitem_parent_id_1f5fd508_fk_cms_cmsnavitem_id FOREIGN KEY (parent_id) REFERENCES public.cms_cmsnavitem(id) DEFERRABLE INITIALLY DEFERRED;


--
-- Name: cms_cmspage cms_cmspage_navigation_id_67125e6c_fk_cms_cmsnavigation_id; Type: FK CONSTRAINT; Schema: public; Owner: -
--

ALTER TABLE ONLY public.cms_cmspage
    ADD CONSTRAINT cms_cmspage_navigation_id_67125e6c_fk_cms_cmsnavigation_id FOREIGN KEY (navigation_id) REFERENCES public.cms_cmsnavigation(id) DEFERRABLE INITIALLY DEFERRED;


--
-- Name: cms_cmspage cms_cmspage_parent_id_59641848_fk_cms_cmspage_id; Type: FK CONSTRAINT; Schema: public; Owner: -
--

ALTER TABLE ONLY public.cms_cmspage
    ADD CONSTRAINT cms_cmspage_parent_id_59641848_fk_cms_cmspage_id FOREIGN KEY (parent_id) REFERENCES public.cms_cmspage(id) DEFERRABLE INITIALLY DEFERRED;


--
-- Name: cms_cmswidgetplacement cms_cmswidgetplacement_page_id_d9780d94_fk_cms_cmspage_id; Type: FK CONSTRAINT; Schema: public; Owner: -
--

ALTER TABLE ONLY public.cms_cmswidgetplacement
    ADD CONSTRAINT cms_cmswidgetplacement_page_id_d9780d94_fk_cms_cmspage_id FOREIGN KEY (page_id) REFERENCES public.cms_cmspage(id) DEFERRABLE INITIALLY DEFERRED;


--
-- Name: cms_cmswidgetplacement cms_cmswidgetplacement_widget_id_c30d3c08_fk_cms_cmswidget_id; Type: FK CONSTRAINT; Schema: public; Owner: -
--

ALTER TABLE ONLY public.cms_cmswidgetplacement
    ADD CONSTRAINT cms_cmswidgetplacement_widget_id_c30d3c08_fk_cms_cmswidget_id FOREIGN KEY (widget_id) REFERENCES public.cms_cmswidget(id) DEFERRABLE INITIALLY DEFERRED;


--
-- Name: django_admin_log django_admin_log_content_type_id_c4bce8eb_fk_django_co; Type: FK CONSTRAINT; Schema: public; Owner: -
--

ALTER TABLE ONLY public.django_admin_log
    ADD CONSTRAINT django_admin_log_content_type_id_c4bce8eb_fk_django_co FOREIGN KEY (content_type_id) REFERENCES public.django_content_type(id) DEFERRABLE INITIALLY DEFERRED;


--
-- Name: django_admin_log django_admin_log_user_id_c564eba6_fk_accounts_user_id; Type: FK CONSTRAINT; Schema: public; Owner: -
--

ALTER TABLE ONLY public.django_admin_log
    ADD CONSTRAINT django_admin_log_user_id_c564eba6_fk_accounts_user_id FOREIGN KEY (user_id) REFERENCES public.accounts_user(id) DEFERRABLE INITIALLY DEFERRED;


--
-- Name: schools_dataloadjob schools_dataloadjob_schema_id_c4bf8549_fk_schools_i; Type: FK CONSTRAINT; Schema: public; Owner: -
--

ALTER TABLE ONLY public.schools_dataloadjob
    ADD CONSTRAINT schools_dataloadjob_schema_id_c4bf8549_fk_schools_i FOREIGN KEY (schema_id) REFERENCES public.schools_importschema(id) DEFERRABLE INITIALLY DEFERRED;


--
-- Name: schools_dataloadjob schools_dataloadjob_triggered_by_id_3e70ac78_fk_accounts_; Type: FK CONSTRAINT; Schema: public; Owner: -
--

ALTER TABLE ONLY public.schools_dataloadjob
    ADD CONSTRAINT schools_dataloadjob_triggered_by_id_3e70ac78_fk_accounts_ FOREIGN KEY (triggered_by_id) REFERENCES public.accounts_user(id) DEFERRABLE INITIALLY DEFERRED;


--
-- Name: schools_favoriteschool schools_favoriteschool_school_id_7d237a25_fk_schools_school_id; Type: FK CONSTRAINT; Schema: public; Owner: -
--

ALTER TABLE ONLY public.schools_favoriteschool
    ADD CONSTRAINT schools_favoriteschool_school_id_7d237a25_fk_schools_school_id FOREIGN KEY (school_id) REFERENCES public.schools_school(id) DEFERRABLE INITIALLY DEFERRED;


--
-- Name: schools_favoriteschool schools_favoriteschool_user_id_d2a8a879_fk_accounts_user_id; Type: FK CONSTRAINT; Schema: public; Owner: -
--

ALTER TABLE ONLY public.schools_favoriteschool
    ADD CONSTRAINT schools_favoriteschool_user_id_d2a8a879_fk_accounts_user_id FOREIGN KEY (user_id) REFERENCES public.accounts_user(id) DEFERRABLE INITIALLY DEFERRED;


--
-- Name: schools_school schools_school_conference_id_bf9a3e2d_fk_schools_conference_id; Type: FK CONSTRAINT; Schema: public; Owner: -
--

ALTER TABLE ONLY public.schools_school
    ADD CONSTRAINT schools_school_conference_id_bf9a3e2d_fk_schools_conference_id FOREIGN KEY (conference_id) REFERENCES public.schools_conference(id) DEFERRABLE INITIALLY DEFERRED;


--
-- PostgreSQL database dump complete
--

\unrestrict wWX2WtT1ITrRrXlE7y1Fv6dNmav2o5tsyzLrmPolEM4NcwH3c2kGP4ei8D01A0M

